date,AMD,GOOG,JPM,AAPL,T,MSFT,FB,AMZN,BABA,V,BAC,WMT,PFE,BA,PG
2016-09-01,7.35,768.78,63.2615,102.5187,36.2281,54.7681,126.17,770.62,97.42,79.8864,15.3122,68.5063,31.6221,122.3843,81.4399
2016-09-02,7.51,771.46,63.5251,103.4792,36.2193,54.8442,126.51,772.44,99.25,80.5742,15.3313,68.1865,31.7041,123.5714,81.3385
2016-09-06,7.34,780.08,63.478,103.4504,36.4669,54.7871,129.73,788.87,103.78,81.095,15.1205,68.6567,31.7041,125.2956,81.7442
2016-09-07,6.84,780.35,63.2145,104.0844,36.5023,54.8347,131.05,784.48,102.32,81.7927,15.0439,67.7727,31.7679,124.9658,81.1079
2016-09-08,6.225,775.32,63.2992,101.3564,36.4316,54.616,130.27,784.06,102.57,81.5274,15.1972,67.5563,31.6585,125.2108,80.9511
2016-09-09,5.9,759.66,62.7344,99.0608,35.1225,53.4557,127.1,760.14,99.62,79.9159,15.0822,66.1174,31.0932,121.0936,79.5309
2016-09-12,5.94,769.02,63.1204,101.2796,36.007,54.2546,128.69,771.49,100.8,81.5274,15.2355,67.6598,31.5947,122.5916,81.3846
2016-09-13,5.74,759.69,62.6215,103.6906,35.3525,53.7601,127.21,761.01,100.28,80.4661,15.063,67.2084,31.0385,121.3103,80.2779
2016-09-14,6.04,762.49,62.4991,107.3598,35.2817,53.5033,127.77,761.09,102.4,80.0731,14.9768,67.2648,30.9473,120.2834,80.241
2016-09-15,6.02,771.76,62.725,111.0099,35.777,54.3877,128.35,769.69,104.45,80.584,15.0151,68.0924,31.1297,120.3776,81.2094
2016-09-16,6.05,768.88,61.9532,110.3855,35.5559,54.4448,129.07,778.52,104.64,80.643,14.8426,68.5345,30.9473,119.3695,81.2001
2016-09-19,6.16,765.7,62.3015,109.0984,35.4321,54.1405,128.65,775.1,103.03,81.0754,14.9384,67.8009,30.6829,120.1044,81.4952
2016-09-20,6.17,771.41,62.5556,109.0888,35.3436,54.0263,128.64,780.22,101.45,81.0459,14.948,67.688,30.8288,120.3964,81.6889
2016-09-21,6.29,776.22,62.9133,109.0696,35.8832,54.9298,129.94,789.74,106.0,81.773,14.9959,67.8949,31.2573,123.0062,80.9696
2016-09-22,6.37,787.21,63.431,110.0974,36.3608,54.9868,130.08,804.7,109.36,81.9106,14.948,67.9702,31.1388,124.2404,82.067
2016-09-23,6.55,786.9,63.2992,108.2627,36.5112,54.616,127.96,805.75,107.71,81.1048,14.8714,68.0454,31.2391,124.1556,80.9327
2016-09-26,6.32,774.21,61.9155,108.426,36.3873,54.1119,127.31,799.16,105.89,80.3875,14.4593,67.3588,30.6738,123.0156,81.0157
2016-09-27,6.54,783.01,62.4615,108.6278,36.6704,55.1105,128.69,816.11,108.26,80.7314,14.651,68.0266,30.847,123.7222,81.486
2016-09-28,6.59,781.56,62.7909,109.4538,36.1308,55.1866,129.23,828.72,108.75,81.5274,14.7372,67.5187,30.9929,124.5795,82.5004
2016-09-29,6.67,775.01,61.7932,107.7537,36.0247,54.5874,128.09,829.05,105.55,80.4956,14.5264,66.5218,30.382,123.449,81.3661
2016-09-30,6.91,777.29,62.678,108.5893,35.9186,54.7776,128.27,837.31,105.79,81.262,14.9959,67.8291,30.8835,124.1179,82.7679
2016-10-03,6.95,772.56,62.6027,108.0802,36.0601,54.6064,128.77,836.74,105.38,81.4193,14.9768,67.7256,30.7102,124.7209,81.7627
2016-10-04,6.97,776.43,63.1431,108.5413,35.2906,54.4353,128.19,834.03,105.45,81.2915,15.1397,67.4811,30.7467,124.5984,81.4768
2016-10-05,6.78,776.47,64.1765,108.5893,34.6361,54.8157,128.47,844.36,106.96,81.9007,15.4367,67.4059,30.9108,126.8689,81.9379
2016-10-06,6.96,776.86,64.3472,109.3962,34.5918,54.9108,128.74,841.66,107.08,81.9106,15.5421,65.2333,30.6829,126.6428,82.2791
2016-10-07,6.75,775.08,64.5747,109.5595,34.3796,54.9678,128.99,839.43,106.0,81.4389,15.4559,64.6126,30.6008,126.1058,82.9984
2016-10-10,6.84,785.94,65.0772,111.471,34.5034,55.1961,130.24,841.71,108.41,81.6747,15.6188,63.9354,30.6464,127.9807,82.1316
2016-10-11,6.5,783.07,64.7643,111.7111,34.583,54.3877,128.88,831.0,105.23,80.6135,15.4367,63.3805,30.2087,126.0022,81.652
2016-10-12,6.62,786.14,64.5937,112.7101,34.7864,54.3116,129.05,834.09,103.62,80.8199,15.3601,63.4463,30.154,125.4557,81.6797
2016-10-13,6.49,778.19,64.2239,112.3643,34.8218,54.1309,127.82,829.28,102.15,80.4465,15.1684,64.1705,29.8714,125.663,81.3753
2016-10-14,6.75,778.53,64.0153,112.9886,34.6891,54.6064,127.88,822.96,101.85,81.0164,15.3313,64.3774,29.7802,125.7761,81.5506
2016-10-17,6.67,779.96,63.6835,112.9118,34.7334,54.4162,127.54,812.95,102.84,80.7216,15.3792,64.1611,29.6343,126.2471,80.9972
2016-10-18,6.73,795.26,64.186,112.8349,34.813,54.8347,128.57,817.65,103.34,80.1615,15.5804,64.7725,29.8075,127.2835,80.6468
2016-10-19,6.77,801.56,64.8022,112.4987,34.8307,54.7111,130.11,817.69,103.93,81.3701,15.7817,64.7913,29.7255,128.301,79.494
2016-10-20,6.96,796.97,64.7169,112.4411,34.185,54.4448,130.0,810.32,103.85,81.0655,15.8679,64.6408,29.6708,127.9807,78.9271
2016-10-21,6.52,799.37,64.935,111.9993,33.159,56.7367,132.07,818.99,103.94,80.9181,15.9733,64.274,29.3425,127.7828,78.3695
2016-10-24,7.005,813.11,65.2952,113.0078,32.6018,58.011,133.28,838.09,104.5,81.7239,16.0691,65.0734,29.2969,129.4975,78.1558
2016-10-25,7.5,807.67,65.2289,113.5842,32.4603,58.0015,132.29,835.18,104.22,80.6037,16.0212,65.2333,29.4337,130.9767,80.8229
2016-10-26,7.29,799.07,65.5418,111.0291,32.2214,57.6592,131.04,822.59,102.78,80.3286,16.165,65.4496,29.5431,137.1195,81.2225
2016-10-27,7.11,795.35,65.6366,109.9629,32.3011,57.1551,129.69,818.36,102.38,80.4956,16.2033,65.6753,29.616,135.0185,80.4605
2016-10-28,7.2,795.37,65.5228,109.2329,32.2922,56.9364,131.29,776.32,101.93,80.7904,15.9829,65.8258,29.1145,134.7358,80.7021
2016-10-31,7.23,784.54,65.665,109.06,32.5399,56.9839,130.99,789.82,101.69,81.0754,15.8104,65.854,28.9139,134.1894,80.6649
2016-11-01,7.09,783.61,65.3901,107.0909,32.3364,56.8698,129.5,785.41,101.15,80.2008,15.9158,65.1769,28.3304,134.1705,80.7114
2016-11-02,6.76,768.7,65.1151,107.1869,32.1684,56.518,127.17,765.56,98.51,79.1789,15.7913,65.3179,27.9292,132.6066,80.6092
2016-11-03,6.7,762.13,64.8307,106.038,32.3983,56.3087,120.0,767.03,97.75,79.2477,15.7913,65.4872,27.2544,131.9188,80.4791
2016-11-04,6.56,762.02,64.2429,105.0822,32.2834,55.8332,120.75,755.05,97.57,78.9627,15.8583,65.0452,27.3547,131.4666,79.0665
2016-11-07,6.96,782.52,66.2528,106.598,32.5575,57.4594,122.15,784.93,99.35,81.0754,16.2991,65.6283,27.7012,134.7547,80.4419
2016-11-08,7.0,790.51,66.395,107.2256,32.7168,57.507,124.22,787.75,99.85,81.4389,16.2895,65.6377,27.6275,135.0015,81.2783
2016-11-09,6.94,785.31,69.4479,107.0518,33.1148,57.2217,123.18,771.88,96.67,81.7927,17.219,66.8698,29.5799,137.7452,79.8564
2016-11-10,6.295,762.56,72.6714,104.0685,32.3453,55.8237,120.8,742.38,94.34,80.4465,17.976,67.1425,30.8415,140.2136,77.0964
2016-11-11,6.685,754.02,72.7093,104.6864,32.2922,56.128,119.02,739.01,92.99,80.4563,18.2251,66.992,30.0127,141.0016,77.6725
2016-11-14,6.79,736.08,75.383,102.0603,31.9561,55.2721,115.08,719.07,89.77,77.0172,19.2408,66.2961,29.8193,142.3972,77.1335
2016-11-15,6.97,758.49,75.2408,103.4119,32.5222,56.3636,117.2,743.24,91.0,77.2039,19.3175,67.1707,29.6812,140.6124,77.7097
2016-11-16,7.67,764.48,73.3825,106.1925,32.8583,57.1104,116.34,746.49,92.86,78.8532,18.9246,67.1425,29.4325,139.0269,77.3101
2016-11-17,8.46,771.23,73.9703,106.1539,33.0882,58.0582,117.79,756.4,94.07,79.828,19.2408,65.0734,29.2207,137.9731,77.1986
2016-11-18,8.71,760.54,73.6764,106.2601,33.2209,57.7806,117.02,760.16,93.39,79.5819,19.1641,64.4621,28.9905,138.9415,76.2042
2016-11-21,8.94,769.2,73.9988,107.8724,33.3801,58.2689,121.77,780.0,93.41,80.4385,19.4804,65.2427,29.0734,139.5775,76.799
2016-11-22,8.69,768.27,74.4538,107.94,34.0965,58.5178,121.47,785.33,93.21,78.7055,19.4516,65.9481,28.8524,141.951,76.9105
2016-11-23,8.8,760.99,74.7667,107.3897,34.2557,57.8285,120.84,780.12,93.03,78.351,19.7007,66.6158,28.9352,142.1599,76.8361
2016-11-25,8.77,761.68,74.7383,107.9304,34.6803,57.9529,120.38,780.37,93.01,78.9024,19.9882,66.992,29.1839,142.4447,77.561
2016-11-28,8.83,768.24,74.2547,107.718,34.9722,58.0295,120.41,766.77,93.76,77.8685,19.4516,66.9544,29.0458,142.1883,77.1986
2016-11-29,8.93,770.84,74.8236,107.6118,34.9191,58.4891,120.87,762.52,94.99,77.9374,19.442,67.1237,29.3957,143.9637,77.0313
2016-11-30,8.91,758.04,76.0087,106.7042,34.1673,57.6944,118.42,750.57,94.02,76.1355,20.3124,66.2396,29.5983,142.9383,76.6317
2016-12-01,8.39,747.92,77.5446,105.7098,34.3884,56.6795,115.1,743.65,89.86,74.2744,20.6779,66.4654,28.9721,144.6757,76.0741
2016-12-02,8.53,750.5,77.3645,106.1056,34.1496,56.7274,115.4,740.34,90.48,74.56,20.4182,66.6629,29.1286,144.5428,76.5759
2016-12-05,8.68,762.52,78.9383,105.3429,34.1673,57.6561,117.43,759.36,90.99,76.1256,21.0049,65.7788,29.0918,144.4573,77.1242
2016-12-06,9.45,759.11,79.346,106.1539,34.8041,57.3976,117.31,764.72,90.4,75.9287,21.3126,66.1738,29.0642,144.5333,77.0499
2016-12-07,9.56,771.19,79.7063,107.1966,35.777,58.7572,117.95,770.42,91.07,78.095,21.707,66.8747,28.7234,146.3371,78.2301
2016-12-08,10.34,776.42,80.7018,108.249,35.7417,58.4125,118.91,767.33,92.31,78.0655,22.0724,66.6285,28.4932,147.5238,77.5982
2016-12-09,10.34,789.29,81.0526,110.0158,35.7151,59.3316,119.68,768.66,93.28,77.9276,22.2071,66.3822,29.1931,148.5682,78.4067
2016-12-12,10.68,789.27,80.332,109.3882,36.3696,59.5231,117.77,760.12,92.47,77.2974,21.7454,67.8883,29.8377,149.2042,79.113
2016-12-13,10.54,796.1,80.3605,111.213,36.5819,60.2986,120.31,774.34,92.16,77.9867,21.7454,68.0114,30.2337,148.7295,79.1594
2016-12-14,10.55,797.07,80.332,111.213,36.3519,60.0114,120.21,768.82,91.19,77.9178,21.8031,67.5757,30.2245,146.6504,78.4067
2016-12-15,10.86,797.85,81.5361,111.8212,36.7057,59.9156,120.57,761.0,88.85,78.2821,22.2744,67.3294,30.1601,145.9858,78.6948
2016-12-16,10.66,790.8,80.5311,111.966,36.8561,59.6476,119.87,757.77,88.67,77.1497,21.7935,67.2347,30.243,146.6789,78.6948
2016-12-19,10.95,794.2,80.9957,112.6129,37.2541,60.9114,119.24,766.0,88.93,76.9035,21.6204,67.803,30.2337,148.2738,78.7227
2016-12-20,11.51,796.42,82.0386,112.9122,37.5637,60.8348,119.09,771.22,89.84,77.1595,21.8416,68.0304,30.2522,148.4732,78.5926
2016-12-21,11.47,794.56,82.2472,113.0184,37.4664,60.8348,119.04,770.6,89.25,76.9429,21.7647,67.481,29.8377,149.508,78.3231
2016-12-22,11.6,791.26,82.3799,112.275,37.7848,60.8443,117.4,766.34,86.8,76.7066,21.6781,65.918,29.7825,149.4891,78.4996
2016-12-23,11.58,789.91,82.5316,112.4971,37.7936,60.5475,117.27,760.59,86.79,76.9528,21.7358,65.8707,29.9114,149.8213,78.955
2016-12-27,12.07,791.55,82.6075,113.2115,37.7229,60.5858,118.01,771.4,87.54,77.1497,21.7454,66.0222,29.9575,149.508,78.6204
2016-12-28,11.55,785.05,82.0102,112.7288,37.6079,60.3082,116.92,772.13,87.37,77.1005,21.4761,65.6528,29.7917,148.1979,78.1279
2016-12-29,11.59,782.79,81.4318,112.6998,37.7317,60.222,116.35,765.15,87.33,77.13,21.1588,65.6054,29.9206,147.8087,78.3881
2016-12-30,11.34,771.82,81.8111,111.8212,37.6167,59.4944,115.05,749.87,87.81,76.8248,21.2549,65.4728,29.9114,147.7992,78.1372
2017-01-03,11.43,786.14,82.7023,112.1398,38.0501,59.9156,116.86,753.67,88.6,78.2821,21.6685,65.0371,30.3903,149.0239,78.2487
2017-01-04,11.43,786.9,82.8548,112.0143,37.829,59.6476,118.69,757.18,90.51,78.9221,22.0724,65.416,30.6574,150.5903,78.5275
2017-01-05,11.24,794.02,82.0922,112.5839,37.7229,59.6476,120.67,780.45,94.37,79.8477,21.8128,65.5581,30.9521,150.6758,79.0479
2017-01-06,11.32,806.15,82.1017,113.8391,36.9713,60.1646,123.41,795.99,93.89,80.9506,21.8128,64.6582,30.8323,151.046,79.02
2017-01-09,11.49,806.65,82.1589,114.8818,36.506,59.9731,124.9,796.92,94.72,80.4976,21.6877,65.0845,30.8231,150.3055,78.4346
2017-01-10,11.44,804.79,82.3972,114.9976,36.515,59.9539,124.35,795.9,96.75,80.0644,22.0628,64.6298,30.7955,151.0175,77.5889
2017-01-11,11.2,807.91,83.0169,115.6155,36.336,60.4997,126.09,799.02,96.94,80.5468,22.1878,64.914,30.2337,151.3308,77.8305
2017-01-12,10.76,806.36,82.2161,115.1328,36.6939,59.9444,126.62,813.64,95.9,80.1234,22.0436,64.3835,30.0219,150.277,77.9142
2017-01-13,10.58,807.88,82.6546,114.93,36.6492,60.0305,128.34,817.14,96.27,79.9265,22.1301,63.5878,29.9483,150.7897,78.0721
2017-01-17,9.82,804.61,79.6516,115.8569,36.7834,59.8678,127.87,809.72,96.12,80.0151,21.2068,64.8098,29.5246,149.6884,79.1873
2017-01-18,9.88,806.07,80.0234,115.8472,36.506,59.839,127.92,807.48,96.0,80.3401,21.7647,64.5161,29.497,150.3055,79.5522
2017-01-19,9.77,802.175,79.4133,115.6445,36.685,59.6476,127.55,809.04,96.17,80.4779,21.6685,64.052,29.1931,150.9511,79.3367
2017-01-20,9.75,805.02,79.766,115.8569,37.0876,60.0688,127.04,808.33,96.06,80.5862,21.7743,63.6352,29.2576,151.4543,81.9126
2017-01-23,9.91,819.31,79.8041,115.9341,37.5797,60.2795,128.93,817.88,98.41,80.8915,21.6973,63.1332,28.9721,149.8498,81.4536
2017-01-24,10.44,823.87,80.767,115.8279,37.0071,60.8156,129.37,822.44,101.43,81.9549,22.0724,63.8436,28.6866,152.4226,82.2966
2017-01-25,10.35,835.67,82.0159,117.672,37.0339,60.9688,131.48,836.52,104.06,82.6147,22.4764,63.3605,28.8155,158.8879,81.641
2017-01-26,10.52,832.15,82.7023,117.7299,37.3739,61.5337,132.78,839.15,102.75,81.9648,22.5437,63.2089,28.8063,160.5588,81.1164
2017-01-27,10.67,823.31,82.8739,117.7396,37.5887,62.9794,132.18,835.77,102.07,82.4867,22.4668,62.1954,28.9352,159.2107,81.2288
2017-01-30,10.61,802.32,82.0159,117.4306,37.4187,62.3571,130.98,830.38,101.02,82.4177,22.0724,62.9153,28.8339,157.1885,81.2569
2017-01-31,10.37,796.79,80.6812,117.1603,37.7229,61.8975,130.32,823.48,101.31,81.4429,21.7743,63.2184,29.2207,155.1473,82.0531
2017-02-01,12.06,795.695,80.9863,124.3048,37.6334,60.8731,133.23,832.35,101.57,81.177,22.0147,62.7353,29.4626,155.6695,81.8002
2017-02-02,12.28,798.53,80.6431,124.0924,36.846,60.4805,130.84,839.95,100.84,81.0392,21.8512,63.1805,29.5184,154.0461,82.203
2017-02-03,12.24,801.49,83.1122,124.6234,36.9087,60.9688,130.98,810.2,100.39,84.7613,22.3994,62.9911,29.8533,154.179,81.8751
2017-02-06,13.63,801.34,82.7214,125.7916,36.7387,60.9305,132.06,807.64,100.9,84.5151,22.2359,62.8964,29.9836,155.679,81.8658
2017-02-07,13.29,806.97,82.6737,126.9888,36.7923,60.7294,131.84,812.5,100.83,84.4659,22.0243,63.3605,29.844,158.0714,82.4371
2017-02-08,13.56,808.38,81.9491,127.4812,36.8729,60.6433,134.2,819.71,103.57,83.7864,21.8031,64.232,29.8998,156.8554,82.7369
2017-02-09,13.42,809.56,83.1313,128.4024,36.9624,61.3326,134.14,821.36,103.34,84.2689,22.2359,65.4349,30.1231,157.3055,83.0553
2017-02-10,13.58,813.67,82.9406,128.1115,37.025,61.2752,134.19,827.46,102.36,84.584,22.1975,64.4309,30.0952,159.1727,82.3997
2017-02-13,13.49,819.24,84.037,129.246,36.3718,61.9645,134.05,836.53,103.1,85.1158,22.5052,64.1941,30.3371,160.8963,82.7181
2017-02-14,13.26,820.45,85.3812,130.9235,36.4613,62.1957,133.85,836.39,101.59,85.5195,23.14,65.0371,30.4673,161.3463,82.2966
2017-02-15,13.3,818.98,86.3631,131.3987,36.7923,62.1572,133.44,842.7,101.55,86.363,23.6401,65.0655,31.1744,162.1123,85.3502
2017-02-16,12.97,824.16,86.3059,131.2387,36.9087,62.1475,133.84,844.14,100.82,86.2347,23.6401,65.236,31.2767,163.5582,85.0411
2017-02-17,13.13,828.07,86.0199,131.6023,37.1145,62.2439,133.53,845.07,100.52,86.2841,23.5824,65.7096,31.2767,165.3776,85.3221
2017-02-21,14.0,831.66,86.7635,132.5526,37.3381,62.1186,133.72,856.44,102.12,86.7379,23.8325,67.6799,31.2767,168.1066,85.8654
2017-02-22,14.28,830.76,86.8112,132.9501,37.2129,61.9934,136.12,855.61,104.2,86.6195,23.8421,67.9262,31.2488,167.9151,85.6499
2017-02-23,14.32,831.33,86.8779,132.3877,37.535,62.2439,135.36,852.19,102.46,86.9944,23.6401,67.5473,31.686,169.3514,85.3596
2017-02-24,14.12,828.64,86.1152,132.5138,37.9018,62.2439,135.44,845.24,102.95,87.241,23.3035,68.5703,31.8721,169.9068,85.2846
2017-02-27,15.2,829.28,86.2106,132.7756,37.4187,61.8682,136.41,848.64,103.6,86.8168,23.6305,67.9546,31.8907,171.8123,85.1348
2017-02-28,14.46,823.21,86.3917,132.8338,37.3918,61.6274,135.54,845.04,102.9,86.7576,23.7363,67.1873,31.7418,172.5783,85.3034
2017-03-01,14.96,835.24,89.2327,135.5488,37.6155,62.5521,137.42,853.08,104.04,87.7935,24.5997,66.7327,32.0209,176.1021,85.856
2017-03-02,13.9,830.63,87.8408,134.744,37.6424,61.6563,136.76,848.91,103.19,87.3397,24.3392,67.0263,32.1047,175.2211,85.1535
2017-03-03,13.03,829.08,88.47,135.5391,37.5887,61.8875,137.17,849.88,103.31,87.5962,24.5418,66.3348,32.114,174.4455,84.7695
2017-03-06,13.04,827.78,87.6311,135.1125,37.5439,61.9067,137.42,846.61,102.31,87.7442,24.3585,66.1927,31.9558,173.2486,84.6477
2017-03-07,13.05,831.91,87.1449,135.287,37.4724,62.032,137.3,846.02,102.63,87.8626,24.3199,66.1833,31.6209,174.2923,84.5728
2017-03-08,13.22,835.37,86.9542,134.7828,37.3739,62.6003,137.72,850.5,103.22,87.7639,24.3682,66.6031,31.5465,174.0242,84.4323
2017-03-09,13.33,838.68,87.2974,134.4725,37.526,62.3498,138.24,853.0,103.24,87.9119,24.455,66.6603,31.6767,172.9039,84.6196
2017-03-10,13.91,843.25,87.0209,134.9185,37.8929,62.5425,138.79,852.46,103.39,88.5236,24.4164,66.8893,31.7325,171.1133,85.3034
2017-03-13,14.28,845.54,87.0972,134.9767,37.9108,62.3306,139.6,854.59,105.18,88.8984,24.4067,66.7462,31.7325,171.4484,85.5282
2017-03-14,14.1,845.62,87.2402,134.7731,37.6603,62.0416,139.32,852.53,104.25,88.346,24.426,67.481,31.8349,171.142,85.2378
2017-03-15,13.98,847.2,87.4499,136.1985,38.1076,62.3691,139.72,852.97,103.69,88.711,24.291,67.3474,32.2163,171.1228,85.6125
2017-03-16,13.65,848.78,87.3641,136.4215,37.9734,62.2631,139.99,853.42,105.63,88.8294,24.3296,67.2138,32.0302,170.6249,85.6499
2017-03-17,13.49,852.12,86.4489,135.7427,38.1255,62.4847,139.84,852.31,105.61,89.0267,23.9823,66.689,31.9279,172.4538,85.2378
2017-03-20,14.4,848.4,85.8292,137.1681,37.9555,62.5425,139.94,856.97,107.25,87.981,23.5771,66.7748,31.9837,171.774,85.4439
2017-03-21,13.82,830.46,83.3124,135.5973,37.6513,61.8489,138.51,843.2,105.09,86.876,22.2072,66.6985,31.8628,168.4896,85.4158
2017-03-22,14.1,829.59,83.4459,137.1293,37.2666,62.6388,139.59,848.06,106.09,87.3298,22.1301,67.0325,32.0674,169.4663,85.2284
2017-03-23,13.79,817.58,83.3124,136.6445,37.2666,62.4847,139.53,847.38,108.25,87.6653,22.2555,66.6603,31.9,169.7344,85.0224
2017-03-24,13.7,814.43,83.2171,136.373,37.2934,62.5906,140.34,845.61,108.04,87.9908,22.3037,66.4218,31.6302,168.3555,84.835
2017-03-27,13.7,819.51,83.1694,136.6057,37.1234,62.7062,140.32,846.82,108.08,87.754,22.2169,66.4695,31.7977,168.6236,84.7601
2017-03-28,13.69,820.92,84.466,139.4371,37.186,62.8892,141.76,856.0,107.8,87.9218,22.651,67.0993,31.7791,169.8302,85.013
2017-03-29,13.71,831.41,84.1514,139.7474,37.0876,63.0626,142.65,874.32,109.51,87.981,22.5256,67.5,31.9372,170.0887,84.8631
2017-03-30,14.05,831.5,84.8759,139.5632,37.365,63.2938,142.41,876.34,108.85,87.8132,23.0272,68.3111,31.9558,170.4238,84.4885
2017-03-31,14.55,829.56,83.7414,139.3014,37.1771,63.4383,142.05,886.54,107.83,87.6751,22.7571,68.7787,31.8256,169.3514,84.1606
2017-04-03,14.64,838.55,83.4364,139.3402,37.195,63.1397,142.28,891.51,108.09,88.1585,22.7571,68.5401,31.8535,169.1503,84.0014
2017-04-04,14.16,834.57,83.7144,140.3777,37.3024,63.3131,141.73,906.83,107.52,87.5863,22.6124,68.7119,31.9465,171.1133,84.2168
2017-04-05,14.17,831.41,82.6405,139.6505,37.1413,63.1493,141.85,909.28,107.44,87.833,22.3519,68.3684,31.807,169.562,84.273
2017-04-06,13.27,827.88,82.9186,139.3014,36.761,63.3131,141.17,898.28,108.04,87.8922,22.4388,68.1584,31.7325,169.8397,83.7391
2017-04-07,13.52,824.67,82.631,138.9911,36.7519,63.2649,140.78,894.88,108.99,87.5469,22.3423,69.5611,31.7232,171.2569,83.5799
2017-04-10,13.1,824.73,82.3433,138.8263,36.5618,63.1204,141.04,907.04,111.7,87.6653,22.2072,69.7138,31.6674,170.0217,83.8234
2017-04-11,13.1,823.35,82.1995,137.333,36.4984,63.0722,139.92,902.36,110.44,87.6554,22.1108,70.0668,31.5651,170.9888,84.1138
2017-04-12,12.76,824.32,81.8831,137.4978,36.7248,62.8314,139.58,896.23,110.63,87.4877,21.8503,70.0764,31.5558,168.5758,84.5915
2017-04-13,12.31,823.56,80.9243,136.7706,36.4713,62.5617,139.39,884.67,110.21,87.6751,21.5513,69.7997,31.5186,168.164,84.3292
2017-04-17,12.79,837.17,82.3241,137.5269,36.4894,63.0722,141.42,901.99,111.76,88.6025,22.0047,70.1241,31.6302,171.4197,84.6664
2017-04-18,12.95,836.82,81.653,136.916,36.4441,62.9856,140.96,903.78,111.23,88.5236,21.9082,70.5058,31.4814,170.2994,85.0505
2017-04-19,12.84,838.21,80.9818,136.4118,36.4441,62.6484,142.27,899.2,110.76,88.5433,21.9371,70.6775,31.2674,170.826,84.5688
2017-04-20,13.11,841.65,82.0269,138.1184,36.5437,63.0915,143.8,902.06,112.96,89.9245,22.2555,71.3741,31.3883,171.6878,84.3139
2017-04-21,13.0,843.19,81.0393,137.9536,36.1544,63.9584,143.68,898.53,113.11,89.9245,21.9082,71.5077,31.2953,172.7219,83.6438
2017-04-24,13.13,862.76,83.8966,139.282,36.2358,65.0469,145.47,907.41,114.86,90.6151,22.7957,71.355,31.3883,174.3306,84.5216
2017-04-25,13.49,872.3,84.6253,140.145,36.1634,65.4225,146.49,907.62,115.48,90.8716,23.1334,71.6126,31.4069,175.7191,84.9463
2017-04-26,13.41,871.73,84.7883,139.3208,36.6161,65.3358,146.56,909.29,114.97,90.5855,23.0465,71.9752,31.4907,173.9955,82.8132
2017-04-27,13.62,874.25,84.0021,139.4274,36.1362,65.7597,147.7,918.38,115.43,90.3684,22.815,71.9848,31.5,175.4414,82.766
2017-04-28,13.3,905.96,83.4172,139.2917,35.8827,65.9427,150.25,924.99,115.5,89.9935,22.5159,71.7367,31.5558,176.983,82.4262
2017-05-01,13.62,912.57,83.4747,142.1328,35.4028,66.8577,152.46,948.23,116.68,90.033,22.7764,71.7844,31.4255,174.6466,82.1997
2017-05-02,10.32,916.44,82.9378,143.0346,35.267,66.7518,152.78,946.94,118.09,91.2958,22.6992,72.0611,31.2674,175.652,81.3785
2017-05-03,10.39,927.04,83.4172,142.5982,34.769,66.5399,151.8,941.03,116.57,91.1971,22.9308,72.2901,31.1371,175.6041,81.5768
2017-05-04,10.1,931.66,83.5131,142.0843,34.4159,66.2798,150.85,937.53,115.86,91.3747,23.0079,72.8435,31.1185,175.2977,81.5956
2017-05-05,10.19,927.13,83.4172,144.4406,34.9139,66.4628,150.24,934.15,116.04,90.8518,22.9018,72.9962,31.1465,177.1554,81.6428
2017-05-08,10.04,934.3,83.5131,148.3677,34.9229,66.405,151.06,949.04,116.86,90.6841,23.1141,72.6336,31.1185,178.1225,81.69
2017-05-09,10.18,932.17,83.1775,149.318,34.606,66.5013,150.48,952.82,120.0,90.763,23.1334,73.2061,31.0534,178.9747,81.5484
2017-05-10,10.79,928.78,83.8295,148.6101,34.8143,66.7614,150.29,948.95,119.98,91.0097,23.2974,73.6769,31.0253,176.7458,81.6334
2017-05-11,11.07,930.6,83.5706,149.8954,34.8052,65.9427,150.04,947.62,120.16,90.8617,23.2202,73.1293,31.0346,177.4791,81.3314
2017-05-12,11.26,932.22,83.3405,151.9888,34.8505,65.8656,150.33,961.35,120.34,91.4832,23.1526,72.7259,31.0065,176.8133,81.3502
2017-05-15,11.42,937.08,83.7432,151.5993,34.9411,65.9138,150.19,957.97,121.4,91.9765,23.2105,73.283,31.1098,175.9836,81.4824
2017-05-16,12.75,943.0,84.0021,151.3754,34.5789,67.2409,149.78,966.07,124.02,91.8976,23.143,72.1495,30.6214,176.2827,81.3974
2017-05-17,11.2,919.62,80.7996,146.2929,33.9179,65.3713,144.85,944.76,120.72,90.6869,21.7731,72.1591,30.2738,172.5004,81.4163
2017-05-18,11.275,930.24,80.5024,148.5225,34.3616,65.5941,147.66,958.49,121.27,90.6375,21.9371,74.4838,30.2644,171.1688,81.0482
2017-05-19,11.41,934.01,81.2886,149.0289,34.6242,65.5747,148.06,959.84,123.22,91.3984,22.2362,75.6653,30.4898,174.4108,81.3974
2017-05-22,11.04,941.86,81.2119,149.9344,34.6332,66.3109,148.24,970.67,124.75,92.2187,22.2265,75.4539,30.1705,177.2186,81.3691
2017-05-23,10.89,948.82,82.2282,149.7494,34.6875,66.5338,148.07,971.54,122.93,92.7623,22.5642,75.3963,30.1893,177.0449,81.2464
2017-05-24,10.89,954.96,82.1803,149.3015,34.5427,66.6209,150.04,980.35,122.81,93.7012,22.5352,75.0697,30.1047,178.7431,81.6428
2017-05-25,10.98,969.54,81.8351,149.8175,34.6151,67.4444,151.96,993.38,123.63,93.9285,22.4291,75.2234,30.2081,180.4992,81.9826
2017-05-26,11.0,971.47,81.8447,149.5644,34.5155,67.7738,152.13,995.78,123.99,93.5628,22.4195,75.0505,30.1893,180.036,82.3507
2017-05-30,11.12,975.88,80.4448,149.6228,34.9048,68.2097,152.38,996.7,123.91,93.6123,22.1011,75.0697,30.1799,180.3158,82.4923
2017-05-31,11.19,964.86,78.7669,148.7368,34.8867,67.6575,151.46,994.62,122.46,94.1163,21.6898,75.502,30.6683,181.0395,83.1435
2017-06-01,10.93,966.95,79.6394,149.1457,35.1946,67.9094,151.53,995.95,123.97,94.2843,21.9027,76.6643,30.7247,180.7404,83.1813
2017-06-02,10.9,975.6,79.2367,151.3559,35.1946,69.5175,153.61,1006.73,124.13,95.0255,21.7285,76.4818,30.565,183.5482,83.6155
2017-06-05,11.24,983.68,79.3806,149.8759,35.1403,70.0213,153.63,1011.34,125.37,95.4209,21.6898,77.0965,30.3865,182.3131,83.757
2017-06-06,12.03,976.57,79.5436,150.3822,35.0678,70.2538,152.81,1003.0,124.62,94.6697,21.5156,75.819,30.1235,180.1904,83.8137
2017-06-07,12.38,981.08,80.4544,151.278,35.095,70.1278,153.12,1010.07,125.64,94.9662,21.8737,76.0303,30.0578,181.493,83.7854
2017-06-08,12.9,983.41,81.4516,150.908,34.8596,69.7016,154.71,1010.27,142.34,94.9662,22.2318,75.819,29.8229,183.2587,82.917
2017-06-09,12.28,949.83,83.3788,145.0563,35.1221,68.1225,149.6,978.31,139.44,93.4541,22.9093,76.2897,30.781,183.3552,83.2096
2017-06-12,12.09,942.9,83.398,141.5901,35.3757,67.5994,148.44,964.91,139.08,92.4065,23.0158,76.1167,30.7153,183.3262,83.2851
2017-06-13,11.96,953.4,83.6761,142.7293,35.0225,68.4422,150.68,980.79,136.6,93.968,23.0061,76.3857,30.6026,184.378,83.1152
2017-06-14,11.77,950.76,83.5035,141.3369,35.0588,68.0741,150.25,976.47,136.67,94.2052,22.9964,76.7507,30.7059,185.6227,83.4739
2017-06-15,11.5,942.31,83.0049,140.4898,35.1674,67.7156,149.8,964.17,135.08,93.0687,22.7835,75.7998,30.8186,188.5848,84.3611
2017-06-16,11.44,939.78,82.631,138.523,35.2761,67.8125,150.64,987.71,134.87,93.0687,22.677,72.2744,30.9689,189.54,84.6254
2017-06-19,11.93,957.37,84.4431,142.4858,35.2308,68.6553,152.87,995.17,139.47,93.6814,23.1416,72.5242,31.2037,192.0873,84.8141
2017-06-20,12.64,950.63,83.9158,141.1909,35.0044,67.7253,152.25,992.59,138.38,93.2762,22.7351,72.5626,31.5231,191.3637,84.5971
2017-06-21,13.98,959.45,83.5322,142.0282,34.5427,68.0741,153.91,1002.23,143.29,93.4344,22.3867,73.235,31.8237,192.1742,84.38
2017-06-22,14.38,957.09,83.4364,141.7945,34.4974,68.0644,153.4,1001.3,142.27,92.8513,22.1931,72.5434,31.9927,192.4347,84.0308
2017-06-23,14.17,965.59,83.2829,142.4274,34.3616,68.9847,155.07,1003.74,143.01,94.4622,22.0866,71.8902,32.0961,195.1267,84.3989
2017-06-26,14.08,952.27,83.6473,141.9795,34.5427,68.3259,153.59,993.98,142.73,94.1064,22.1544,72.5242,31.974,192.9557,84.3422
2017-06-27,13.4,927.33,84.4239,139.9446,34.1352,67.0472,150.58,976.78,141.53,93.7901,22.5222,73.0141,31.7203,191.904,83.6343
2017-06-28,13.23,940.49,86.1211,141.9893,34.3525,67.6188,153.24,990.33,143.95,95.1046,23.1126,73.4944,31.7016,192.6083,83.4078
2017-06-29,12.6,917.79,87.3963,139.8959,34.0628,66.3497,151.04,975.93,140.81,93.3158,23.5384,72.9372,31.5888,190.5242,82.1053
2017-06-30,12.48,908.73,87.636,140.2269,34.1624,66.7759,150.98,968.0,140.9,92.6832,23.4803,72.6971,31.5513,190.804,82.2563
2017-07-03,12.15,898.7,89.4195,139.7206,34.5064,66.0397,148.43,953.66,140.99,92.2583,23.8868,72.3897,31.7673,191.6145,82.8132
2017-07-05,13.19,911.71,90.3161,140.2951,34.5155,66.9213,150.34,971.4,144.87,92.9106,24.1191,72.3513,31.5982,194.7214,82.7471
2017-07-06,13.02,906.69,90.0269,138.9709,34.1027,66.4272,148.82,965.14,142.2,92.1594,23.9159,72.4953,31.2037,194.403,82.464
2017-07-07,13.36,918.59,90.48,140.3827,33.9193,67.2894,151.44,978.76,142.43,92.8216,24.032,72.3609,31.3258,195.2618,82.7282
2017-07-10,13.81,928.8,89.8437,141.2395,33.7817,67.7931,153.5,996.47,143.81,93.9779,24.0901,70.3436,31.3822,196.7959,82.1997
2017-07-11,13.89,930.09,89.4966,141.6972,33.5707,67.8028,155.27,994.13,145.81,94.2942,23.8094,70.5742,31.1568,199.0248,81.8977
2017-07-12,14.29,943.83,89.1881,141.9016,33.7817,68.9266,158.9,1006.51,149.0,95.0552,23.5674,71.0256,31.2037,199.1888,82.077
2017-07-13,13.53,947.16,89.7569,143.8782,33.213,69.5272,159.26,1000.63,149.52,94.818,23.8288,72.0919,31.2601,198.9862,81.8316
2017-07-14,13.92,955.99,88.9375,145.1147,33.2956,70.5056,159.97,1001.81,151.83,95.7964,23.4319,73.3311,31.401,201.1861,82.2091
2017-07-17,13.8,953.42,88.1083,145.621,33.3781,71.0578,159.73,1010.04,151.23,95.6976,23.2481,73.3599,31.2319,201.6589,82.6339
2017-07-18,13.48,965.4,87.7998,146.1273,33.0112,71.0094,162.86,1024.45,153.75,96.4388,23.1319,73.1966,31.3352,200.9256,83.6627
2017-07-19,13.55,970.89,87.9252,147.0426,33.1396,71.5519,164.14,1026.87,153.15,97.101,23.2868,72.8796,31.5794,203.4728,84.0428
2017-07-20,13.8,968.15,87.9252,146.3805,33.4974,71.9006,164.53,1028.7,152.11,96.9626,23.1706,73.0237,31.5043,202.8939,84.2806
2017-07-21,13.88,972.92,87.6263,146.3123,33.4882,71.4841,164.43,1025.67,151.89,98.4352,23.0351,73.1485,31.4479,204.6886,84.2901
2017-07-24,14.16,980.34,88.0023,148.0844,33.2314,71.3,166.0,1038.95,152.26,99.1962,23.1416,73.8594,31.2977,204.7272,83.8811
2017-07-25,14.11,950.7,89.4677,148.7173,33.2222,71.8716,165.28,1039.87,152.44,98.8206,23.6933,75.4251,31.091,204.9973,84.7943
2017-07-26,14.76,947.8,88.629,149.4183,34.8824,71.7359,165.61,1052.8,155.79,99.6706,23.4319,75.7901,30.8937,225.2501,84.9465
2017-07-27,14.12,934.09,88.2626,146.5947,36.1482,70.8738,170.44,1046.0,154.15,98.4055,23.3352,76.6355,30.9971,232.5349,86.2592
2017-07-28,13.95,941.53,88.0023,145.5626,35.7721,70.7575,172.45,1020.04,157.56,97.9904,23.2577,76.6643,31.138,232.7954,85.8121
2017-07-31,13.61,930.5,88.5036,144.8129,35.7721,70.4281,169.25,987.78,154.95,98.3956,23.3448,76.8372,31.1474,233.9436,86.3924
2017-08-01,13.71,930.83,89.6895,154.4132,35.662,70.3119,169.86,996.19,154.73,99.6903,24.1578,77.3271,31.0722,231.0297,86.6587
2017-08-02,13.37,930.39,89.7666,153.0014,35.1025,70.0019,169.3,995.89,151.91,100.0955,23.7997,77.3559,31.224,229.592,86.6017
2017-08-03,13.24,923.65,89.1785,151.4727,35.1117,69.8953,168.59,986.92,153.32,99.4136,23.5868,77.6825,31.7077,229.8815,86.4304
2017-08-04,13.12,927.96,90.2968,152.2711,35.2493,70.4088,169.62,987.58,153.33,99.7101,24.1675,77.3079,31.9069,229.3604,86.2497
2017-08-07,13.43,929.36,90.6439,154.6274,35.3318,70.1375,171.98,992.27,158.84,100.3031,24.1578,78.0763,31.5939,231.7919,86.9822
2017-08-08,13.11,926.79,90.3161,155.864,35.1851,70.5153,171.23,989.84,157.5,100.0955,24.0998,78.3741,31.5654,231.0876,87.1153
2017-08-09,12.83,922.9,90.1715,156.8182,35.1851,70.2053,171.18,982.01,157.49,99.7892,23.9449,78.8865,31.7267,227.4283,87.4388
2017-08-10,12.12,907.24,88.8796,151.8233,35.0291,69.1784,167.4,956.92,151.77,98.3265,23.3448,77.9682,31.6982,226.0403,87.2675
2017-08-11,12.23,914.39,88.1373,153.9346,34.9466,70.2344,168.08,967.99,151.7,98.9194,23.0932,77.7168,31.537,227.9815,86.887
2017-08-14,12.76,922.67,89.1688,156.2513,35.3135,71.2903,170.75,983.3,154.61,100.6786,23.6352,78.0068,31.5939,230.1849,87.1819
2017-08-15,13.02,922.22,89.4002,157.9619,35.0016,71.3098,171.0,982.74,157.75,101.4297,23.6836,78.0745,31.6603,232.1455,87.7051
2017-08-16,12.63,926.96,88.7832,157.3265,35.0658,71.7286,170.0,978.18,159.5,102.2761,23.4126,78.2775,31.6413,230.6119,87.9334
2017-08-17,12.34,910.98,87.3949,154.3061,34.488,70.5112,166.91,960.57,163.92,101.1279,22.8803,77.0402,31.2524,228.6707,87.5814
2017-08-18,12.37,910.67,87.4817,153.9542,34.277,70.5989,167.41,958.47,167.5,101.4743,22.8609,76.6632,30.9869,228.8454,87.9619
2017-08-21,12.05,906.66,87.3756,153.6707,34.4696,70.2677,167.78,953.29,169.25,102.1771,22.6286,77.0499,31.0722,228.758,88.3329
2017-08-22,12.17,924.69,88.2722,156.1829,34.8365,71.2514,169.64,966.9,174.46,103.0186,23.0642,77.3495,31.4421,232.7085,88.2663
2017-08-23,12.48,927.0,88.3783,156.3783,34.7815,70.8229,168.71,958.0,175.8,102.1375,22.9964,77.2915,31.5275,231.0973,87.9334
2017-08-24,12.5,921.28,88.2337,155.6843,34.5614,70.7936,167.74,952.45,175.0,102.1771,23.0738,75.7256,31.518,231.7282,87.7717
2017-08-25,12.43,915.89,88.5904,156.2611,34.8457,70.9203,166.32,945.26,171.74,102.3058,23.0061,76.0059,31.6698,228.9619,88.0
2017-08-28,12.23,913.81,88.3108,157.8348,34.7998,70.93,167.24,946.02,168.3,102.7315,22.9577,75.4259,31.7457,230.214,87.9619
2017-08-29,12.15,921.29,87.8288,159.2424,34.7173,71.1443,168.05,954.06,167.41,102.7216,22.8222,76.1412,31.7741,233.4268,87.8192
2017-08-30,12.67,929.57,88.0312,159.6725,34.5522,72.0792,169.92,967.59,171.25,102.682,23.221,75.9189,31.7267,233.3977,87.3912
2017-08-31,13.0,939.33,87.6263,160.3078,34.3596,72.8194,171.97,980.6,171.74,102.4741,23.2405,75.4646,32.1725,232.6212,87.7717
2017-09-01,13.19,937.34,88.4072,160.3567,34.3779,72.011,172.02,978.25,171.04,102.8503,23.4351,75.7546,32.2104,233.2715,88.019
2017-09-05,12.92,928.45,86.2959,158.4311,34.0202,71.6896,170.72,965.27,169.92,101.9693,22.6763,77.1369,32.0587,230.0393,88.1997
2017-09-06,12.86,927.81,86.8743,158.2649,33.5432,71.4851,172.09,967.8,168.14,102.1375,22.7736,77.4075,32.2389,227.7292,88.1997
2017-09-07,12.63,935.95,85.351,157.6295,32.6535,72.4006,173.21,979.47,170.48,103.5036,22.3455,77.4462,32.2389,229.3695,88.4376
2017-09-08,12.25,926.5,85.245,155.0587,32.6443,72.05,170.95,965.9,169.0,103.3749,22.2677,76.2476,32.3432,231.767,88.3139
2017-09-11,12.55,929.08,86.5658,157.8641,32.7819,72.8096,173.51,977.96,174.06,105.0775,22.7249,76.4409,32.5519,233.5238,89.4078
2017-09-12,12.3,932.07,87.6263,157.2385,33.2589,72.7317,172.96,982.58,175.31,105.1369,23.2989,76.9532,33.5478,233.5141,88.9512
2017-09-13,12.22,935.09,87.877,156.0558,33.5249,73.2479,173.05,999.6,178.97,104.7608,23.6685,77.1949,33.2537,234.8245,88.9893
2017-09-14,12.26,925.11,87.7034,154.7166,33.3139,72.8194,170.96,992.21,177.1,105.0082,23.581,77.0209,33.8892,238.0276,88.9893
2017-09-15,12.52,920.29,88.3301,156.2806,34.0294,73.3453,171.64,986.79,176.7,104.2361,23.7172,77.6975,33.5383,241.6868,88.7229
2017-09-18,13.08,915.0,89.5834,155.0978,34.3229,73.1992,170.01,974.19,179.98,103.7709,24.0285,77.3302,33.7185,245.647,88.6088
2017-09-19,13.12,921.81,90.5668,155.1565,35.0475,73.4719,172.52,969.86,180.07,104.345,24.1841,77.3785,33.6236,245.0452,89.5791
2017-09-20,13.74,931.58,91.2031,152.5564,35.2493,72.9849,172.17,973.21,177.95,103.9095,24.3787,77.8135,34.1358,247.9571,89.7978
2017-09-21,13.41,932.45,91.6176,149.9367,35.0567,72.274,171.11,964.65,177.39,104.246,24.476,77.3399,34.1169,248.5201,88.1236
2017-09-22,13.3,928.53,91.4248,148.4705,35.396,72.4688,170.54,955.1,178.14,104.4935,24.3398,76.8759,34.1074,248.918,87.7431
2017-09-25,12.61,920.97,90.7403,147.1606,35.8822,71.3488,162.87,939.79,169.59,101.9792,24.0868,76.5086,33.6806,246.8506,88.1997
2017-09-26,12.45,924.86,90.3354,149.6923,35.5153,71.3488,164.21,938.6,167.02,101.9,24.1355,76.7405,33.4814,246.2488,88.1332
2017-09-27,12.74,944.49,91.7623,150.7578,35.5611,71.9234,167.68,950.87,170.99,102.8404,24.7192,76.6439,33.6236,247.7824,86.4399
2017-09-28,12.74,949.5,91.9551,149.8292,35.8088,71.9429,168.73,956.4,170.24,103.5234,24.7581,76.3152,33.7659,246.8021,86.459
2017-09-29,12.75,959.11,92.0804,150.6503,35.928,72.5467,170.87,961.35,172.71,104.1767,24.6511,75.5323,33.8608,246.7438,86.5446
2017-10-02,12.71,953.27,93.3626,150.3473,35.873,72.6636,169.47,959.19,173.61,104.3747,24.9235,75.8319,34.2117,248.4715,87.2961
2017-10-03,13.42,957.79,93.8543,151.0022,36.2124,72.3227,169.96,957.1,178.56,104.5232,25.1569,76.5762,34.2781,247.9571,87.629
2017-10-04,13.31,951.68,92.8999,150.0247,36.2307,72.7415,168.42,965.45,178.71,104.246,25.011,76.4506,34.1074,248.2483,87.9144
2017-10-05,13.34,969.96,94.1509,151.8917,36.2399,73.9881,171.24,980.85,178.89,105.1666,25.4196,76.7599,34.1453,251.2864,87.5434
2017-10-06,13.23,978.89,93.986,151.8037,35.8405,74.0173,172.23,989.58,179.2,105.6517,25.4974,76.3636,34.1927,250.9855,87.8288
2017-10-09,13.47,977.0,93.4915,152.3316,35.5712,74.2997,172.5,990.99,182.09,105.9289,25.1472,77.8425,34.2781,250.8011,87.629
2017-10-10,13.7,972.6,94.1897,152.3902,35.7569,74.2997,171.59,987.2,183.12,106.2258,25.225,81.3224,34.5247,253.2664,87.1534
2017-10-11,13.88,989.25,93.9084,153.0256,35.469,74.4263,172.74,995.0,184.69,107.3444,25.1278,82.869,34.5721,253.7615,87.0012
2017-10-12,14.2,987.83,93.0842,152.488,33.305,75.1081,172.55,1000.93,180.53,107.0177,24.7581,83.2266,34.4773,254.2177,87.6575
2017-10-13,14.22,989.68,92.9581,153.4557,33.1564,75.4684,173.74,1002.94,178.45,107.5622,25.1278,83.7293,34.4678,253.082,88.5041
2017-10-16,14.26,992.0,94.8782,156.2806,33.593,75.6243,174.52,1006.34,179.56,107.2058,25.5266,82.8786,34.1263,252.1211,88.5993
2017-10-17,14.16,992.18,94.6648,156.8573,33.6487,75.5658,176.11,1009.13,175.32,106.4535,25.4877,83.1106,34.335,251.0243,88.2758
2017-10-18,14.07,992.81,95.0236,156.1633,33.1657,75.5853,176.03,997.0,179.61,106.7109,25.7601,83.3426,33.9841,252.4026,88.2473
2017-10-19,13.95,984.45,95.14,152.4684,33.1472,75.8775,174.56,986.61,177.93,105.9388,25.8574,83.5166,34.3729,251.432,87.7773
2017-10-20,13.81,988.2,96.4976,152.7323,33.0078,76.754,174.98,982.91,177.32,106.4634,26.4313,84.5219,34.5437,256.9743,84.5763
2017-10-23,14.1,968.45,96.3328,152.6541,32.7385,76.7735,171.27,966.3,173.13,106.4436,26.4216,85.6915,34.5247,254.6156,83.6659
2017-10-24,14.25,970.54,97.8649,153.5632,32.3763,76.8027,171.8,975.9,173.7,107.3147,26.9275,85.0439,34.4014,258.1875,83.3592
2017-10-25,12.33,973.33,97.9813,152.8887,31.0996,76.5787,170.6,972.91,170.0,108.4432,26.8837,85.5369,34.2971,250.8108,83.225
2017-10-26,12.005,972.56,98.6601,153.8662,31.2804,76.7053,170.63,972.43,170.32,108.6907,26.9858,85.6625,33.8987,251.6552,83.8575
2017-10-27,11.84,1019.27,98.6892,159.3792,31.5497,81.6235,177.88,1100.95,176.15,108.6016,27.0442,85.2275,33.7659,248.9277,83.4167
2017-10-30,10.89,1017.11,98.3401,162.9666,31.1503,81.7015,179.87,1110.85,181.58,108.9282,26.8496,84.0482,33.3391,251.6358,82.6787
2017-10-31,10.985,1016.64,97.5643,165.2344,31.2525,81.01,180.06,1105.28,184.89,108.8688,26.6453,84.3962,33.2537,250.4031,82.7458
2017-11-01,10.8,1025.5,97.8649,163.1328,31.1596,81.01,182.66,1103.68,186.08,109.9478,26.7815,85.0052,33.4434,250.9078,83.2729
2017-11-02,10.85,1025.58,98.5147,164.3253,30.8067,81.8573,178.92,1094.22,184.81,109.8587,27.1123,85.8365,33.6331,254.9165,82.9088
2017-11-03,11.12,1032.48,98.3401,168.6165,30.9274,81.9449,178.92,1111.6,183.21,110.2349,27.0637,86.6871,33.7185,254.0624,82.9758
2017-11-06,11.93,1025.9,97.7292,170.3271,30.5188,82.2663,180.17,1120.66,187.84,110.7892,26.9956,85.7398,33.5003,256.3142,82.4679
2017-11-07,12.05,1033.33,95.7606,170.8745,30.7138,82.0715,180.25,1123.17,188.51,110.9575,26.4411,85.9815,33.5383,258.3137,83.3592
2017-11-08,11.71,1039.85,94.6842,172.2723,31.0575,82.354,179.56,1132.88,185.9,111.3337,26.0617,87.2478,33.5193,257.7702,83.9342
2017-11-09,11.12,1031.26,94.6745,171.9204,31.5776,81.8962,179.3,1129.13,185.13,111.007,25.7698,87.2864,33.6916,256.3552,84.1259
2017-11-10,11.26,1028.07,94.5582,171.3514,31.7819,81.682,178.46,1125.35,186.41,110.7496,25.7893,87.8858,33.6725,254.5499,84.4901
2017-11-13,11.09,1025.75,94.8976,170.6647,31.7355,81.7404,178.77,1129.17,184.54,110.2745,25.6823,87.9534,33.7873,256.082,85.2951
2017-11-14,11.12,1026.0,94.3254,168.0847,31.3175,81.8573,178.07,1136.84,181.79,110.8486,25.5266,88.0501,33.8639,255.4379,85.1705
2017-11-15,11.07,1020.91,95.2176,165.8676,31.4011,81.2211,177.95,1126.69,181.48,109.1361,26.0617,86.8321,33.8447,256.5113,84.5572
2017-11-16,11.25,1032.5,95.4891,167.8492,32.0605,81.4364,179.59,1137.29,185.43,110.0931,26.0325,96.2954,34.0362,257.331,85.5347
2017-11-17,11.38,1019.09,95.1691,166.9173,32.0512,80.6534,179.0,1129.88,185.13,108.9031,25.8963,94.2172,33.8543,255.9258,84.7488
2017-11-20,11.34,1018.38,96.0128,166.7505,32.172,80.7806,178.74,1126.31,188.0,109.032,26.013,94.2268,33.8352,258.2386,84.5955
2017-11-21,11.4,1034.49,95.9352,169.8505,31.8841,81.9454,181.86,1139.49,190.9,110.5195,26.0033,93.2989,34.017,260.5416,85.0268
2017-11-22,11.37,1035.96,95.654,171.6359,32.3856,81.3483,180.87,1156.16,189.84,109.8948,25.9352,93.1925,33.9117,258.746,84.653
2017-11-24,11.38,1040.61,95.3436,171.6457,32.3299,81.4951,182.78,1186.0,191.19,111.0352,25.8671,93.3955,33.9692,259.4584,84.768
2017-11-27,11.55,1054.21,94.9654,170.7824,32.2091,82.0922,183.03,1195.83,188.03,111.4417,25.8671,93.3955,33.9692,259.1656,85.2568
2017-11-28,11.17,1047.41,98.2916,169.7818,32.8964,83.0808,182.42,1193.6,186.69,112.4136,26.8886,93.5405,34.3137,261.5174,85.6785
2017-11-29,10.83,1021.66,100.5899,166.26,33.8809,81.5734,175.13,1161.27,179.91,108.9428,27.5112,94.3042,34.6583,262.7958,85.6593
2017-11-30,10.89,1021.41,101.356,168.585,33.788,82.3858,177.18,1176.75,177.08,111.65,27.5209,93.9852,34.7062,270.1146,86.2439
2017-12-01,10.73,1010.17,101.6178,167.8002,33.8994,82.4739,175.1,1162.35,174.61,109.8055,27.4525,94.1012,34.7923,264.8256,86.5985
2017-12-04,10.03,998.68,103.7124,166.5739,34.6146,79.3613,171.47,1133.95,169.58,106.5331,28.3904,93.7725,34.5147,271.2564,87.6048
2017-12-05,9.91,1005.15,102.5196,166.417,33.9459,79.8605,172.83,1141.57,168.96,107.6735,28.2634,94.5652,34.1032,268.8851,87.5952
2017-12-06,10.0,1018.38,101.7535,165.7989,33.5372,81.0253,176.06,1152.35,172.63,108.8238,27.9801,94.5263,34.0362,271.5491,87.4514
2017-12-07,10.04,1030.93,101.4529,166.1031,33.593,80.7414,180.14,1159.79,174.47,110.4699,28.1169,94.5361,33.9787,275.1598,86.3493
2017-12-08,9.94,1037.05,102.7233,166.1521,34.1131,82.376,179.0,1162.0,177.62,111.6599,28.3806,94.3114,34.2085,278.9949,86.6081
2017-12-11,10.16,1041.1,102.4227,169.3894,34.2709,83.4234,179.04,1168.92,179.29,111.4318,28.2732,94.6826,34.6583,276.321,86.4739
2017-12-12,9.9,1040.48,103.6154,168.4378,35.3854,83.766,176.96,1165.08,174.64,112.5127,28.6444,94.4579,35.0125,282.9373,86.1097
2017-12-13,10.11,1040.61,102.316,168.997,35.3297,83.5408,178.3,1164.13,176.47,112.364,28.1755,95.4934,35.0699,284.7914,87.0968
2017-12-14,10.13,1049.15,101.4917,168.948,35.0511,82.8948,178.39,1174.26,171.75,111.9772,28.068,94.878,34.8976,286.7821,87.2118
2017-12-15,10.29,1064.19,102.9269,170.6647,35.5155,85.009,180.18,1179.14,173.55,112.8697,28.3709,94.8584,35.6059,286.8407,88.0648
2017-12-18,10.98,1077.14,103.7221,173.0682,35.7198,84.549,180.82,1190.58,173.37,112.602,28.8007,95.6301,35.5389,288.9875,88.0552
2017-12-19,10.95,1070.68,103.2857,171.2239,35.339,84.0107,179.51,1187.38,171.28,111.2037,28.7714,96.5092,35.357,290.0707,87.8635
2017-12-20,10.98,1064.95,102.9269,171.0375,35.8034,83.7072,177.89,1177.62,172.64,111.1839,28.8007,96.4604,34.8976,290.705,87.7198
2017-12-21,10.89,1063.63,104.5658,171.685,36.1099,83.6876,177.45,1174.76,175.32,111.4715,29.1329,95.7864,34.687,287.9044,87.854
2017-12-22,10.54,1060.12,104.1973,171.685,36.1656,83.6974,177.2,1168.36,176.29,111.7492,29.1915,95.9329,34.5913,287.9727,88.2948
2017-12-26,10.46,1056.74,103.7803,167.3293,36.277,83.5898,175.99,1176.76,172.33,112.0466,29.0938,96.8609,34.6583,288.2264,88.6302
2017-12-27,10.53,1049.37,103.9742,167.3587,36.1192,83.8932,177.62,1182.26,172.97,113.068,29.045,96.9586,34.7732,288.4801,88.2661
2017-12-28,10.55,1048.14,104.527,167.8296,36.3885,83.903,177.92,1186.1,172.3,113.3953,29.1134,97.0953,34.8115,289.1925,88.2373
2017-12-29,10.28,1046.4,103.7027,166.0148,36.1099,83.7268,176.46,1169.47,172.43,113.068,28.8398,96.4604,34.6679,287.7873,88.0552
2018-01-02,10.98,1065.0,104.6821,168.9872,35.7941,84.1281,181.42,1189.01,183.65,113.554,29.2111,96.3041,34.8785,289.6706,86.8764
2018-01-03,11.55,1082.48,104.7888,168.9578,34.9675,84.5196,184.67,1204.2,184.0,114.6844,29.1134,97.1442,35.1369,290.6075,86.771
2018-01-04,12.12,1086.4,106.2899,169.7426,35.2926,85.2635,184.33,1209.59,185.71,115.1108,29.4944,97.2321,35.2135,289.5047,87.3844
2018-01-05,11.88,1102.23,105.6076,171.6751,35.4226,86.3206,186.85,1229.14,190.7,117.8676,29.6311,97.8084,35.2805,301.3808,87.4419
2018-01-08,12.28,1106.94,105.7635,171.0375,35.5248,86.4087,188.28,1246.87,190.33,118.3436,29.426,99.2541,34.888,302.6592,87.9019
2018-01-09,11.82,1106.26,106.2997,171.0179,35.2801,86.35,187.87,1252.7,190.8,118.1156,29.5725,98.0624,34.8498,310.7392,87.2598
2018-01-10,11.96,1102.61,107.4694,170.9786,34.4614,85.9585,187.84,1254.33,189.79,117.9866,29.8461,97.3591,34.9072,312.525,86.7039
2018-01-11,12.14,1105.52,108.0445,171.9498,34.3296,86.213,187.77,1276.68,188.75,118.8395,29.9535,97.701,34.9933,320.1952,86.3972
2018-01-12,12.02,1122.26,109.8284,173.7254,34.7249,87.7007,179.37,1305.2,187.79,119.0874,30.4713,98.5312,34.9742,328.0898,85.8797
2018-01-16,11.91,1121.76,109.4385,172.8425,34.5555,86.4772,178.39,1304.86,182.4,119.3849,30.5202,98.3554,35.0316,327.0651,86.4643
2018-01-17,12.18,1131.98,110.1403,175.6972,34.6778,88.2293,177.6,1295.0,183.83,120.9616,30.4616,100.3188,35.5868,342.5323,87.4035
2018-01-18,12.47,1129.79,110.4035,175.8542,34.9601,88.1901,179.8,1293.32,184.4,122.0822,30.7546,101.8817,35.4049,331.9444,87.0844
2018-01-19,12.59,1137.51,110.1598,175.0694,35.0166,88.0923,181.29,1294.58,184.05,121.6756,30.9891,102.165,35.357,329.5731,87.9439
2018-01-22,12.65,1155.81,111.4465,173.6371,35.6377,89.6681,185.37,1327.31,184.02,123.292,31.204,103.0051,35.3475,329.8365,88.7357
2018-01-23,12.94,1169.97,111.3295,173.6764,34.9978,89.952,189.35,1362.54,192.28,123.6093,31.1845,103.4446,35.2422,327.4847,85.9932
2018-01-24,12.71,1164.24,112.7527,170.91,34.8378,89.8737,186.55,1357.51,195.53,123.5101,31.3506,103.3372,35.3475,326.6065,85.2786
2018-01-25,12.41,1170.37,112.7819,167.859,35.2424,90.3729,187.48,1377.95,198.33,124.1745,31.3506,104.1284,35.6346,334.8231,85.3076
2018-01-26,12.95,1175.84,113.3863,168.2514,35.5906,92.0662,190.0,1402.05,205.22,125.2654,31.4581,105.8769,37.3383,334.9305,84.7185
2018-01-29,13.32,1175.58,113.2693,164.7689,35.0636,91.9292,185.98,1417.68,203.01,123.7977,31.5362,107.01,37.3479,332.5884,83.8784
2018-01-30,12.87,1163.69,112.2068,163.7977,35.233,90.7742,187.12,1437.82,199.66,122.5185,31.1454,105.2322,36.1802,329.5535,83.9653
2018-01-31,13.74,1169.94,112.7527,164.249,35.2424,92.9961,186.89,1450.89,204.29,123.1928,31.2627,104.1284,35.4528,345.8112,83.3762
2018-02-01,13.25,1167.7,113.9224,164.5923,36.8516,92.262,193.09,1390.0,192.22,124.6704,31.7511,103.0734,35.5783,348.3191,82.9031
2018-02-02,12.45,1111.9,111.3978,157.4506,35.8259,89.8345,190.28,1429.95,187.31,119.9005,31.2138,102.0575,35.3658,340.483,81.358
2018-02-05,11.57,1055.8,106.056,153.5168,34.4708,86.1347,181.26,1390.0,180.53,115.2993,29.5628,97.7693,33.4917,320.9368,78.2775
2018-02-06,11.65,1080.6,109.2825,159.9326,34.659,89.3941,185.31,1442.84,185.17,118.9684,30.4811,98.5606,34.081,332.6762,79.5522
2018-02-07,11.6,1048.58,110.0233,156.5089,34.7531,87.7105,180.18,1416.78,180.3,118.651,30.5299,100.4653,33.7912,339.7121,79.0307
2018-02-08,11.22,1001.52,105.1592,152.2023,33.4733,83.208,171.58,1350.5,173.7,112.9094,29.0547,97.701,32.4871,323.2859,77.4663
2018-02-09,11.31,1037.78,107.2647,154.064,33.925,86.3108,176.11,1339.6,176.67,115.3488,29.6311,97.066,32.9991,326.3946,77.1766
2018-02-12,11.68,1051.94,108.9218,160.2695,34.2261,87.2407,176.41,1386.23,177.44,117.4809,30.4029,97.2419,33.4821,337.1525,78.5382
2018-02-13,11.78,1052.1,109.5944,161.875,34.4425,87.9259,173.15,1414.51,179.25,117.3619,30.4616,98.6387,33.7526,336.5249,78.7024
2018-02-14,12.2,1069.7,112.1288,164.8596,34.2638,89.3026,179.52,1451.05,186.76,119.8212,31.2627,99.342,33.9941,338.1822,77.9105
2018-02-15,12.19,1089.52,112.5967,170.3953,34.819,91.1219,179.96,1461.76,187.45,121.4702,31.4678,100.8365,34.4964,349.5678,79.5811
2018-02-16,11.82,1094.8,111.7877,169.8437,34.9507,90.4728,177.36,1448.69,183.68,121.043,31.2334,102.3506,35.0277,348.1752,79.7646
2018-02-20,12.02,1102.46,111.8169,169.2724,34.6025,91.1809,176.01,1468.35,187.19,121.202,31.1943,91.928,34.7862,346.5179,78.5479
2018-02-21,11.72,1111.34,112.2848,168.5041,34.1696,89.9713,177.91,1482.92,188.82,119.6325,31.1357,89.398,34.5447,345.5568,77.4856
2018-02-22,11.84,1106.63,112.0801,169.9127,34.3202,90.2073,178.99,1485.34,188.75,119.5828,30.9598,90.6191,34.5254,349.0382,78.065
2018-02-23,12.07,1126.79,114.3513,172.8677,34.5555,92.4986,183.29,1500.0,193.29,122.1159,31.292,90.7363,35.0277,349.7639,78.2678
2018-02-26,12.42,1143.75,115.7745,176.2856,35.2519,93.8361,184.93,1521.95,194.19,123.7649,31.673,90.9609,35.8295,356.452,78.8279
2018-02-27,12.53,1118.29,114.4001,175.7143,34.6966,92.6363,181.46,1511.98,188.26,122.553,31.5851,89.398,35.5493,357.5896,77.7753
2018-02-28,12.11,1104.73,112.587,175.4484,34.1602,92.2134,178.32,1512.45,186.14,122.1258,31.3604,87.923,35.076,355.2066,75.8247
2018-03-01,11.9,1069.52,110.5692,172.3752,33.8779,91.3087,175.94,1493.45,181.99,119.6026,30.87,87.0146,34.4191,342.9287,75.9985
2018-03-02,11.81,1078.92,110.462,173.567,34.2073,91.5054,176.62,1500.25,179.76,119.9702,31.0171,86.7118,34.7282,338.0057,76.771
2018-03-05,11.91,1090.93,112.1581,174.1679,34.5367,92.0856,180.4,1523.61,181.6,121.0728,31.5074,87.8937,34.8925,345.9295,77.5339
2018-03-06,11.76,1095.06,112.2556,174.0201,34.6966,91.7709,179.78,1537.64,187.37,120.2583,31.4878,86.9951,34.6606,342.1735,77.2732
2018-03-07,12.24,1109.64,111.8364,172.4047,34.7343,92.3019,183.71,1545.0,189.05,121.043,31.5565,85.7057,34.7089,340.3299,76.4427
2018-03-08,11.97,1126.0,111.8462,174.2861,34.9225,92.8625,182.34,1551.86,187.18,121.4106,31.5761,86.3936,35.2595,341.9872,77.2249
2018-03-09,11.7,1160.04,115.0629,177.2805,34.866,94.9375,185.23,1578.89,190.55,123.6854,32.086,87.1797,35.5204,347.6653,77.5339
2018-03-12,11.52,1164.5,114.6925,178.9944,35.1578,95.1636,184.76,1598.39,192.74,123.4172,32.2037,86.541,35.3658,337.535,77.1187
2018-03-13,11.64,1138.17,113.3181,177.2706,35.186,92.8428,181.88,1588.18,188.41,122.3841,31.733,86.767,35.501,332.1217,76.9835
2018-03-14,11.36,1149.49,112.0509,175.7636,34.8472,92.2921,184.19,1591.0,192.56,121.7682,31.5173,86.1479,35.1146,323.8743,76.2882
2018-03-15,11.46,1149.58,112.3335,175.9704,34.8566,92.6166,183.86,1582.32,199.06,122.5927,31.478,85.9907,35.3368,323.5998,75.9695
2018-03-16,11.47,1135.73,112.5285,175.3499,34.819,93.0297,185.09,1571.68,200.28,123.7053,31.5467,87.6219,35.53,324.0803,76.2592
2018-03-19,11.43,1099.82,111.6415,172.6707,34.4237,91.3481,172.56,1544.93,194.53,122.394,31.3603,85.9317,35.0953,325.3453,75.9599
2018-03-20,11.11,1097.71,111.7487,172.6116,34.1979,91.5841,168.15,1586.51,198.95,124.0828,31.3603,86.423,35.0953,331.1018,75.6219
2018-03-21,11.26,1090.88,111.8462,168.7011,33.8779,90.9449,169.39,1581.86,195.3,122.404,31.2525,86.649,35.0374,330.5821,74.3955
2018-03-22,10.91,1049.08,107.177,166.3174,33.2851,88.2995,164.89,1544.92,184.65,119.1954,29.9581,85.6271,34.3901,313.4303,73.7871
2018-03-23,10.63,1021.57,104.3111,162.466,32.6545,85.7328,159.39,1495.56,181.2,116.2252,28.6048,83.937,33.3179,314.7934,73.3043
2018-03-26,10.44,1053.21,107.5279,170.1786,32.6451,92.2233,160.06,1555.86,190.5,119.8411,29.8502,85.9809,33.8492,322.6093,73.7871
2018-03-27,10.0,1005.1,105.4419,165.8151,32.8428,87.9848,152.22,1497.05,181.89,116.6225,28.948,84.556,33.8202,314.9111,75.1197
2018-03-28,9.81,1004.56,105.2761,163.9829,33.4639,87.9061,153.03,1431.42,178.91,116.2152,28.8205,86.2462,34.1003,313.8323,76.1337
2018-03-29,10.05,1031.79,107.1965,165.2635,33.5485,89.7549,159.79,1447.34,183.54,118.8278,29.4089,87.4253,34.2839,321.5404,76.5586
2018-04-02,9.53,1006.47,105.1299,164.1799,33.031,87.0506,155.39,1371.99,177.61,117.606,28.7421,84.0647,33.8588,316.2055,74.7431
2018-04-03,9.55,1013.41,106.5726,165.8643,33.2851,88.2208,156.11,1392.05,174.67,118.4106,29.0167,85.293,34.4674,324.4235,75.7667
2018-04-04,9.77,1025.14,108.1907,169.036,33.765,90.7973,155.1,1410.57,172.07,119.0166,29.301,85.7057,34.9021,321.1089,76.3365
2018-04-05,10.02,1027.81,109.6113,170.2082,34.0097,90.8465,159.34,1451.75,172.57,120.3874,29.7325,86.2855,34.5157,329.8956,76.0951
2018-04-06,9.61,1007.04,106.8779,165.8545,33.5297,88.7322,157.2,1405.23,167.52,116.9205,29.0559,85.1849,33.9747,319.8144,75.7378
2018-04-09,9.53,1015.45,108.1613,167.4994,33.5679,89.2632,157.93,1406.08,169.87,118.0033,29.2912,84.782,34.2549,316.2448,75.477
2018-04-10,9.98,1031.64,110.2285,170.6514,34.1787,91.3382,165.04,1436.22,177.1,119.9205,29.8894,84.9491,34.7282,328.356,75.6798
2018-04-11,9.82,1019.97,108.3768,169.8536,33.6443,90.3351,166.32,1427.05,175.36,118.9868,29.3207,84.4185,34.5737,321.0304,75.5833
2018-04-12,10.08,1032.51,111.0711,171.5281,33.5584,92.0266,163.87,1448.5,175.92,120.2682,30.0561,83.9468,35.0857,330.9547,75.1197
2018-04-13,9.93,1029.27,108.0633,172.1092,33.5393,91.5349,164.52,1430.79,172.04,119.9503,29.2226,84.5265,35.0857,322.9133,75.6798
2018-04-16,10.09,1037.98,107.9751,173.1829,34.0165,92.6068,164.83,1441.5,174.7,121.0728,29.3501,85.3323,35.2885,325.3551,75.9116
2018-04-17,10.52,1074.16,107.9751,175.5666,33.7492,94.4753,168.66,1503.83,178.7,122.9801,29.4579,86.3739,35.0953,330.2094,75.7378
2018-04-18,10.36,1072.08,107.1032,175.1726,33.6061,94.8391,166.36,1527.84,182.68,123.6556,28.9578,86.0496,35.2499,334.4067,75.5157
2018-04-19,10.11,1087.7,109.4545,170.2082,33.2338,94.5146,168.1,1556.91,181.39,123.1391,29.5952,86.3641,35.2885,334.0536,73.0471
2018-04-20,9.99,1072.96,109.2096,163.2343,33.0907,93.423,166.28,1527.49,179.11,123.3775,29.6737,85.4699,35.3851,332.1217,71.9263
2018-04-23,10.04,1067.45,108.6805,162.7615,33.3007,93.7672,165.84,1517.86,175.57,123.6358,29.7325,84.6052,35.5493,332.2884,71.1466
2018-04-24,10.09,1019.98,108.1711,160.496,33.4056,91.5742,159.69,1460.09,173.09,120.4669,29.605,85.0277,35.8005,322.6975,70.6593
2018-04-25,9.71,1021.18,107.7596,161.1954,33.5965,90.7777,159.69,1460.17,170.22,120.4073,29.556,85.6566,35.4334,336.2307,70.4644
2018-04-26,11.04,1040.04,107.8674,161.7568,31.5922,92.6953,174.16,1517.96,173.9,126.2384,29.4874,86.4132,35.5976,336.1621,70.903
2018-04-27,11.11,1030.05,107.1816,159.8853,31.5349,94.2294,173.59,1572.62,177.16,125.1755,29.5658,85.7745,35.7426,334.289,70.9615
2018-04-30,10.88,1017.33,106.5741,162.7812,31.2104,91.9676,172.0,1566.13,178.54,126.0397,29.3403,86.9242,35.3658,327.1105,70.5034
2018-05-01,11.13,1037.31,106.5741,166.5637,31.0577,93.423,173.86,1582.26,179.5,126.6656,29.3697,85.8924,34.1969,323.1683,70.133
2018-05-02,10.97,1024.38,105.7316,173.9216,30.5996,91.9578,176.07,1569.68,181.45,125.543,29.0069,84.841,33.7043,317.9217,69.1389
2018-05-03,10.93,1023.72,105.0654,174.2368,30.485,92.5085,174.02,1572.08,182.45,126.3377,28.6342,84.7329,33.5787,324.296,69.5483
2018-05-04,11.28,1048.21,106.2312,181.0727,30.6759,93.5804,176.61,1580.95,188.89,127.3113,28.7323,86.0103,33.656,327.9637,70.5911
2018-05-07,11.59,1054.79,107.1522,182.3828,30.5805,94.6228,177.97,1600.14,195.35,128.404,29.0657,83.9861,33.7429,333.8477,70.1525
2018-05-08,11.61,1053.91,108.7393,183.2594,30.256,94.2196,178.92,1592.39,196.31,129.0397,29.3501,84.2514,33.7912,331.8275,69.6263
2018-05-09,11.95,1082.76,111.1103,184.5498,29.9696,95.3308,182.66,1608.0,195.43,129.9735,30.1248,81.6179,33.9747,337.839,70.5326
2018-05-10,12.13,1097.57,111.9724,187.1896,30.4278,96.2847,185.53,1609.08,195.96,130.1325,30.2915,81.7663,34.1796,339.1006,71.2928
2018-05-11,11.95,1098.26,111.5511,186.4776,30.8191,96.0782,186.99,1602.91,194.36,130.947,30.3209,82.4486,34.6283,337.5139,71.5072
2018-05-14,12.23,1100.2,111.5903,186.0425,30.7236,96.4027,186.64,1601.54,198.64,130.3411,30.517,83.4473,34.9794,339.6131,71.4195
2018-05-15,12.45,1079.23,110.738,184.3517,30.6282,95.7045,184.32,1576.12,196.61,130.2318,30.6151,83.5759,34.8136,337.1788,71.0979
2018-05-16,12.82,1081.77,111.0417,186.0722,30.8286,95.9515,183.2,1587.28,198.11,130.0232,30.4582,85.1679,34.8039,336.0454,71.6632
2018-05-17,12.82,1078.59,110.6694,184.8955,30.4755,94.9934,183.76,1581.76,196.02,129.2769,30.213,83.5462,34.8331,339.1696,72.0823
2018-05-18,13.0,1066.36,108.8765,184.2231,30.59,95.1712,182.68,1574.37,195.0,129.2769,29.6737,82.7057,34.7648,346.1572,71.5852
2018-05-21,12.99,1079.58,109.8758,185.5283,31.1054,96.3959,184.49,1585.46,197.64,130.0032,29.9581,83.566,34.9209,358.6639,72.1797
2018-05-22,12.98,1069.73,110.7184,185.0636,30.9527,96.2971,183.8,1581.4,195.87,130.053,30.2915,82.4387,34.8429,349.8925,72.1505
2018-05-23,13.1,1079.69,110.2089,186.2502,30.8573,97.4428,186.9,1601.86,196.8,131.2171,29.8502,82.0827,35.0867,354.0219,72.2967
2018-05-24,13.41,1079.24,108.9745,186.0425,31.2868,97.0972,185.93,1603.07,197.37,131.227,29.6246,81.9245,35.0087,353.815,71.8971
2018-05-25,13.54,1075.66,108.416,186.4677,31.0291,97.1465,184.92,1610.15,199.2,130.6201,29.5756,81.5389,34.8039,354.8892,72.4234
2018-05-29,13.36,1060.32,103.7819,185.7953,30.8573,96.8009,185.74,1612.87,198.0,129.0381,28.3989,81.4795,34.8234,347.3891,72.17
2018-05-30,13.82,1067.8,106.1529,185.3998,31.0863,97.7293,187.67,1624.89,197.98,129.9833,28.9186,83.1803,35.1648,353.0167,72.9887
2018-05-31,13.73,1084.99,104.84,184.7768,30.8477,97.6206,191.78,1629.62,198.01,130.0629,28.5937,81.618,35.0477,347.0738,71.3123
2018-06-01,14.4,1119.5,106.2018,188.1091,30.9909,99.5466,193.99,1641.54,204.34,130.1923,28.9481,82.0629,35.3599,351.5679,71.5852
2018-06-04,14.85,1139.29,106.2508,189.6813,30.9336,100.4157,193.28,1665.27,208.95,132.4011,28.9481,84.4658,35.555,355.52,72.2967
2018-06-05,14.85,1139.66,105.6532,191.1447,31.1913,100.9293,192.94,1696.35,208.37,132.8887,28.6724,83.6747,35.5452,354.8991,72.092
2018-06-06,15.67,1136.88,108.1221,191.8072,31.8594,101.2256,191.34,1695.75,208.3,135.595,29.5783,83.6154,35.4867,366.1936,72.4624
2018-06-07,14.89,1123.86,108.5532,191.293,32.2699,99.6354,188.18,1689.3,203.62,133.1672,29.6275,84.0011,35.594,363.2073,73.8366
2018-06-08,15.25,1120.87,108.8569,189.5527,32.2889,100.3762,189.1,1683.99,205.07,134.0627,29.5488,83.4176,35.7696,364.1633,75.2205
2018-06-11,15.73,1129.99,108.5826,189.088,32.623,99.8033,191.54,1689.12,205.7,133.2369,29.598,83.3583,35.4086,365.5825,75.5616
2018-06-12,15.85,1139.32,107.9556,190.1262,32.7853,100.0601,192.4,1698.75,209.08,134.1821,29.4404,83.1605,35.4086,365.2672,75.279
2018-06-13,16.32,1134.79,107.74,188.5639,30.7523,99.6058,192.41,1704.86,206.62,133.7244,29.3814,83.1507,35.3306,358.5949,74.5285
2018-06-14,16.25,1152.12,105.8394,188.6628,31.0386,100.1688,196.81,1723.86,210.86,134.3214,29.0466,82.854,35.2721,357.1856,74.0607
2018-06-15,16.34,1152.26,105.712,186.7248,31.6399,98.8947,195.85,1715.97,208.0,134.4209,28.83,82.765,35.4672,352.7112,75.4154
2018-06-18,17.11,1173.46,105.9863,186.6259,30.7236,99.6157,198.31,1723.79,208.57,135.5154,28.9481,82.0728,35.2721,349.6165,73.9145
2018-06-19,16.69,1168.06,105.3691,183.6101,30.9145,99.6157,197.49,1734.78,204.43,134.4309,28.8103,82.676,35.3306,336.1932,74.3921
2018-06-20,16.52,1169.84,105.3593,184.411,30.5423,100.6132,202.0,1750.08,206.23,134.8189,28.7906,82.676,35.5647,337.7405,73.9243
2018-06-21,15.65,1157.66,105.3299,183.3826,30.1605,99.8922,201.5,1730.22,202.21,133.8538,28.8398,83.2693,35.4086,332.7832,74.4993
2018-06-22,15.8,1155.48,103.6056,182.8487,30.2464,99.1712,201.74,1715.67,202.01,134.6498,28.5444,83.8725,35.6135,334.0151,75.4642
2018-06-25,15.11,1124.81,102.6651,180.1295,30.2655,97.1762,196.35,1663.15,191.25,130.2719,28.0423,85.5041,35.4867,326.4165,75.815
2018-06-26,15.5,1118.46,102.7336,182.3642,30.1796,97.8577,199.0,1691.09,191.42,131.8837,28.1013,85.0195,35.4867,326.5151,76.0197
2018-06-27,14.97,1103.98,101.1465,182.0972,30.2082,96.3367,195.84,1660.51,185.02,130.3614,27.806,85.9194,35.3208,325.0564,75.7176
2018-06-28,15.31,1114.22,102.8022,183.4222,30.7236,97.4132,196.23,1701.45,188.38,132.0728,28.2294,84.9009,35.4672,329.8167,76.0684
2018-06-29,14.99,1115.65,102.087,183.0366,30.6473,97.3934,194.32,1699.8,185.53,131.7842,27.7567,84.6932,35.3891,330.6642,76.0782
2018-07-02,15.16,1127.46,102.9492,185.0834,30.7427,98.7762,197.36,1713.78,186.36,131.834,27.8453,83.0617,35.4379,331.226,76.1464
2018-07-03,15.0,1102.89,101.509,181.8599,31.22,97.828,192.73,1693.96,184.75,130.7893,27.353,83.4968,35.4574,328.1215,75.9222
2018-07-05,15.5,1124.27,102.169,183.3233,31.115,98.5293,198.45,1699.73,186.88,132.62,27.4909,83.6253,35.9646,328.3679,77.199
2018-07-06,16.36,1140.17,102.5039,185.8645,31.1913,99.912,203.23,1710.63,192.27,133.416,27.5992,83.566,36.1987,329.8068,77.2964
2018-07-09,16.61,1154.05,105.6757,188.4453,31.1623,100.5935,204.74,1739.02,192.75,134.8388,28.6035,84.9701,36.2475,336.9817,75.8833
2018-07-10,16.55,1152.84,105.0256,188.2179,31.5015,100.8601,203.54,1743.07,192.55,136.0029,28.3869,86.2358,36.5109,342.146,77.7935
2018-07-11,16.27,1153.9,104.799,185.7755,30.8909,100.7219,202.54,1755.0,187.42,137.4556,28.2392,85.5634,36.2963,335.6807,77.1503
2018-07-12,16.56,1183.48,105.2522,188.8902,31.2398,102.9046,206.92,1796.62,190.17,139.1968,28.3278,85.5535,36.5987,341.0323,76.8871
2018-07-13,16.27,1188.82,104.7695,189.1869,30.697,104.1293,207.32,1813.03,190.04,138.7192,28.1112,86.7203,36.6084,345.7236,77.2964
2018-07-16,16.58,1183.86,108.9264,188.7716,30.9199,103.6157,207.23,1822.49,190.35,137.764,29.3223,86.661,36.4621,350.9569,77.5109
2018-07-17,16.87,1198.8,108.8476,189.3055,30.7842,104.6429,209.99,1843.93,192.66,138.9381,29.5488,87.2049,36.7255,351.7256,77.9982
2018-07-18,16.85,1195.88,109.8622,188.2673,30.7358,103.8231,209.36,1842.92,190.79,140.1918,29.6669,87.0862,36.7352,355.0272,77.696
2018-07-19,16.71,1186.96,108.2467,189.7307,30.3093,103.112,208.09,1812.97,187.34,139.4256,29.214,86.7401,36.4426,350.198,77.4277
2018-07-20,16.5,1184.91,109.6159,189.2957,30.1445,104.9589,209.94,1813.7,187.25,140.2813,29.6669,87.0763,36.4133,349.7742,77.3785
2018-07-23,16.66,1205.5,111.655,189.4638,30.0476,106.638,210.91,1802.0,187.04,139.3261,30.2774,86.6511,36.2963,348.1677,77.2113
2018-07-24,16.19,1248.08,112.443,190.8382,30.7067,106.3318,214.67,1829.24,189.0,139.3261,30.3562,86.9774,36.7743,353.0955,77.6834
2018-07-25,16.05,1263.7,113.4576,192.6378,29.3206,109.4627,217.5,1863.61,197.98,141.923,30.5925,86.9181,37.0571,350.7795,78.1555
2018-07-26,18.35,1268.33,113.1325,192.0346,29.4176,108.2676,176.26,1808.0,194.18,141.7837,30.4645,87.2444,37.223,354.1304,78.7652
2018-07-27,18.94,1238.5,114.2949,188.8408,30.1251,106.3516,174.89,1817.27,189.42,140.0027,30.5826,87.1455,37.4668,355.4412,79.2471
2018-07-30,19.42,1219.74,114.9844,187.7828,31.0169,104.0701,171.06,1779.22,184.82,135.794,30.8288,87.8872,37.6424,345.9897,78.8734
2018-07-31,18.33,1217.26,113.231,188.1585,30.9878,104.7713,172.58,1777.44,187.23,136.0527,30.4054,88.2332,38.9495,351.154,79.5421
2018-08-01,18.48,1220.01,113.9304,199.243,30.9199,104.9688,171.65,1797.17,185.27,137.5551,30.7697,87.2543,39.2811,347.6651,79.3159
2018-08-02,18.79,1226.15,114.4131,205.067,30.8715,106.2429,176.37,1834.33,182.6,138.2217,30.7992,87.7685,39.0057,344.6789,80.6436
2018-08-03,18.49,1223.71,115.339,205.6603,31.2786,106.7071,177.78,1823.29,180.84,139.1172,31.0257,88.5991,39.8812,343.4075,80.9682
2018-08-06,19.43,1224.77,115.3686,206.7282,31.1235,106.796,185.69,1847.75,178.62,139.0077,31.0355,88.6683,40.3731,341.5645,81.155
2018-08-07,19.56,1242.22,115.7922,204.7901,31.4046,107.5367,183.81,1862.48,179.92,139.5749,31.0257,88.7672,40.1764,345.694,81.273
2018-08-08,19.58,1245.61,116.0286,204.9286,31.3658,108.1392,185.18,1886.52,177.52,139.9729,31.3112,89.0441,40.7371,342.757,80.9878
2018-08-09,19.1,1249.1,115.1322,206.5403,31.4918,108.317,183.09,1898.52,177.19,139.3062,31.1143,88.5269,40.3338,340.4296,80.0535
2018-08-10,19.06,1237.61,113.9994,205.9251,31.2689,107.6553,180.26,1886.3,180.01,139.0276,30.7106,89.6906,40.2649,336.1608,80.083
2018-08-13,19.73,1235.01,112.1869,207.2548,31.2204,106.875,180.05,1896.2,177.68,139.5052,30.0115,89.1535,40.1469,335.1209,80.1716
2018-08-14,20.02,1242.1,112.9355,208.128,31.2495,108.2084,181.11,1919.65,172.53,140.0525,30.3168,90.357,40.0485,335.8934,79.965
2018-08-15,19.7,1214.38,111.9997,208.6142,31.4724,106.741,179.53,1882.62,169.83,139.2167,29.8934,89.7304,40.4912,328.5841,80.9387
2018-08-16,19.33,1206.49,113.0537,211.6704,32.0734,106.7212,174.7,1886.52,171.99,140.1534,30.2478,98.1047,40.7469,342.6679,82.3057
2018-08-17,19.77,1200.96,113.0537,215.8974,32.0152,106.6617,173.8,1882.22,172.78,140.831,30.2675,97.319,41.4061,343.0839,82.3057
2018-08-20,19.98,1207.77,112.906,213.7938,32.0928,105.9578,172.5,1876.71,176.29,140.4424,30.3955,95.479,41.6422,347.3824,82.2565
2018-08-21,20.4,1201.62,113.5955,213.3771,32.3739,105.0754,172.62,1883.42,177.92,139.5455,30.5432,95.5586,41.4749,350.3834,82.5122
2018-08-22,20.9,1207.33,113.2507,213.387,31.676,106.1462,173.64,1904.9,177.85,140.6417,30.5038,95.1508,41.3864,346.6792,82.0106
2018-08-23,22.29,1205.38,113.0143,213.8236,31.4918,106.6419,172.9,1902.9,172.23,141.5983,30.366,94.6635,41.5143,344.1536,81.8631
2018-08-24,23.98,1220.65,112.9651,214.4884,31.6372,107.4747,174.645,1905.39,174.23,143.6908,30.4152,94.4347,41.711,346.0354,81.9811
2018-08-27,25.26,1241.82,114.9647,216.2546,31.8214,108.6645,177.46,1927.68,180.65,144.8866,30.8288,94.0269,40.9043,350.3536,82.0598
2018-08-28,25.05,1231.15,114.4032,218.001,31.6663,109.3189,176.26,1932.82,178.19,144.6873,30.7894,95.5486,40.8256,347.8479,82.0991
2018-08-29,25.2,1249.3,114.0289,221.2557,31.2398,111.0638,175.9,1998.1,178.5,146.5109,30.6614,95.121,40.8256,346.8376,82.109
2018-08-30,24.89,1239.12,113.4675,223.2898,30.9781,110.9944,177.64,2002.38,174.6,146.2219,30.5334,95.5785,40.8256,343.5791,82.0303
2018-08-31,25.17,1218.19,112.8666,225.8697,30.9587,111.3712,175.73,2012.71,175.01,146.3713,30.4546,95.3398,40.8453,339.5085,81.5779
2018-09-04,28.06,1197.0,113.428,226.5941,30.8812,110.7565,171.16,2039.51,170.44,147.2781,30.6614,94.8425,40.6977,342.9353,81.332
2018-09-05,28.51,1186.48,112.8764,225.1156,31.0362,107.564,167.18,1994.82,164.23,142.1662,30.7008,96.0956,41.17,343.3612,81.9123
2018-09-06,27.84,1171.44,112.3938,221.3747,31.1913,107.8118,162.53,1958.31,159.87,143.9898,30.5227,95.9266,41.1011,347.9073,81.2829
2018-09-07,27.38,1164.83,112.6105,219.5887,31.1332,107.2864,163.04,1952.07,162.37,142.6944,30.5326,95.3099,41.5143,345.9363,80.5551
2018-09-10,29.89,1164.64,112.0096,216.6416,31.3949,108.4464,164.18,1939.01,156.36,143.5713,30.493,96.3741,41.3765,338.5874,81.0173
2018-09-11,30.1,1177.36,112.7188,222.1189,31.6663,110.2905,165.94,1987.15,157.46,144.9763,30.5227,96.1155,41.6225,341.9449,80.6535
2018-09-12,32.21,1162.82,111.389,219.3604,32.3932,110.7565,162.0,1990.0,161.46,146.0525,30.1071,95.4492,41.7208,350.0268,81.7353
2018-09-13,30.48,1175.33,111.8224,224.6591,32.6452,111.9462,161.36,1989.87,165.53,147.1087,29.8202,94.6038,42.1537,352.0572,82.0696
2018-09-14,32.72,1172.53,111.8027,222.109,32.5677,112.4023,162.32,1970.19,164.74,147.318,30.0478,94.0767,42.2619,356.3556,82.227
2018-09-17,32.43,1156.05,112.1376,216.1951,32.5871,111.1828,160.58,1908.03,158.89,145.6639,29.9587,94.3054,42.3111,352.5524,82.8564
2018-09-18,31.93,1161.22,112.5908,216.5523,32.684,112.2437,160.3,1941.05,156.65,147.1087,29.8895,94.9121,42.803,360.0994,82.6105
2018-09-19,31.21,1171.09,115.8611,216.6813,32.3448,110.7466,163.06,1926.42,162.63,146.8995,30.6711,94.7231,42.557,361.7237,82.6105
2018-09-20,31.18,1186.87,116.856,218.3285,32.4126,112.6006,166.02,1944.3,165.88,148.7131,30.8591,95.2304,43.0391,363.9423,83.948
2018-09-21,31.02,1166.09,116.0877,215.9768,32.7422,113.2847,162.93,1915.01,164.63,149.5202,30.7008,95.3796,43.344,368.6666,84.4004
2018-09-24,32.61,1173.37,114.9746,219.0826,32.8682,113.6912,165.41,1934.36,163.16,148.5835,30.4139,94.4049,43.2162,364.4672,82.8761
2018-09-25,32.57,1184.65,114.6495,220.4718,32.7228,113.4731,164.91,1974.55,164.25,149.0519,30.3446,94.5839,43.0784,363.7145,81.7451
2018-09-26,32.19,1180.49,113.3,218.7155,32.3254,113.0071,166.95,1974.85,165.4,148.7429,29.8103,94.0767,42.9702,361.5356,81.8828
2018-09-27,32.59,1194.64,112.8075,223.2104,32.3932,113.4334,168.84,2012.98,166.32,149.4903,29.6223,93.6192,43.1866,363.873,81.4894
2018-09-28,30.89,1193.47,111.1526,223.9943,32.5483,113.3938,164.46,2003.0,164.76,149.5601,29.1474,93.4004,43.3539,368.3398,81.8533
2018-10-01,31.42,1195.31,111.8027,225.5026,32.4611,114.6232,162.44,2004.36,162.0,150.2576,29.3354,93.8877,43.5506,378.6303,82.286
2018-10-02,29.02,1200.11,112.2657,227.5069,32.8779,114.1671,159.33,1971.31,160.23,149.1415,29.2662,94.6336,43.5014,382.6713,82.9646
2018-10-03,28.43,1202.95,113.3197,230.2754,32.8779,114.1869,162.43,1952.76,162.37,148.8426,29.6817,93.5595,44.0819,388.5445,81.6566
2018-10-04,27.78,1168.19,114.3414,226.2269,33.0717,111.8273,158.85,1909.42,156.13,146.2418,30.1071,93.6987,43.9736,386.2566,80.5649
2018-10-05,27.35,1157.35,113.6966,222.5555,32.9457,111.1729,157.33,1889.65,154.63,144.8468,29.9093,92.8036,44.1802,382.7703,80.7911
2018-10-08,26.46,1148.97,114.391,222.0396,33.062,109.9038,157.25,1864.42,151.14,141.389,29.9488,94.1761,44.5442,382.077,81.037
2018-10-09,27.24,1138.82,113.5974,225.1156,32.9538,111.3018,157.9,1870.32,146.94,141.8075,29.6619,96.5531,44.7311,381.7502,80.8403
2018-10-10,25.0,1081.22,110.572,214.6869,32.3144,105.2538,151.38,1755.25,138.29,135.0415,28.9298,95.2403,43.7867,363.9522,80.0929
2018-10-11,25.3,1079.32,107.2589,212.7916,31.2323,105.006,153.35,1719.36,141.9,133.2578,28.0591,93.4103,42.1144,354.6818,77.5654
2018-10-12,26.34,1110.08,106.0884,220.3924,31.7242,108.6347,153.74,1788.61,147.29,139.5655,28.158,94.2955,43.0686,356.6627,77.7523
2018-10-15,26.26,1092.25,105.4833,215.6791,31.8324,106.6816,153.52,1760.95,144.16,136.7455,27.6238,93.3108,42.4193,355.4444,78.8046
2018-10-16,28.18,1121.28,107.745,220.4321,31.8619,110.0525,158.78,1819.96,149.6,141.2395,28.2273,95.29,43.2162,364.7247,79.67
2018-10-17,27.3,1115.69,108.9452,219.4795,32.039,109.765,159.42,1831.73,148.14,141.947,28.5934,96.036,43.8458,362.0011,80.5059
2018-10-18,26.62,1087.97,107.2192,214.3495,31.9701,107.5739,154.92,1770.72,142.02,138.7982,27.9503,95.6481,43.285,355.9099,79.6102
2018-10-19,23.66,1096.46,107.0407,217.614,32.3341,107.7325,154.05,1764.03,142.93,139.5854,28.0195,96.6228,43.7769,352.8495,86.6148
2018-10-22,25.03,1101.16,105.5032,218.9437,32.1373,108.6942,154.78,1789.3,148.8,140.1434,27.0895,96.6128,43.649,352.5722,85.9203
2018-10-23,25.09,1103.69,104.4021,221.0076,32.4816,107.1773,154.39,1768.7,146.65,138.6288,26.7333,97.2692,43.3834,346.699,86.4759
2018-10-24,22.79,1050.71,102.4579,213.4267,29.865,101.4466,146.04,1664.2,139.61,133.7859,25.9121,97.0305,41.7897,351.2549,88.7578
2018-10-25,19.27,1095.57,104.0152,218.1003,29.4912,107.3756,150.95,1782.17,144.6,140.0238,26.3079,98.6418,42.7046,360.2876,88.3014
2018-10-26,17.63,1071.47,102.5868,214.6273,28.6157,106.047,145.37,1642.81,142.87,137.2537,26.11,98.4031,41.9078,355.8307,87.1704
2018-10-29,16.85,1020.08,104.0053,210.5987,29.1567,102.9636,142.09,1538.88,133.38,133.8557,26.3277,99.2584,42.5275,332.3774,87.5474
2018-10-30,17.2,1036.21,105.8404,211.6505,29.9732,102.8446,146.22,1530.42,136.33,132.2912,26.4959,101.8642,42.193,346.5603,88.4899
2018-10-31,18.21,1076.77,108.1417,217.1675,30.1798,105.8983,151.79,1598.01,142.28,137.3633,27.2082,99.7358,42.3603,351.4629,87.984
2018-11-01,20.22,1070.0,108.1021,220.5015,29.9929,105.0159,151.75,1665.53,151.25,140.3327,27.5149,100.0342,42.9604,359.5943,88.8868
2018-11-02,20.23,1057.79,107.5069,205.8755,30.0224,105.2538,150.35,1665.53,147.59,139.2865,27.5941,100.79,42.2324,354.3253,89.1051
2018-11-05,19.9,1040.09,108.2112,200.0311,30.1306,106.5923,148.68,1627.8,144.64,139.3064,27.7623,102.3515,42.8128,358.5148,90.4842
2018-11-06,20.68,1055.81,108.7171,202.1942,30.4552,106.8005,149.94,1642.81,147.44,140.2929,27.9107,102.7692,42.3111,362.9618,90.7917
2018-11-07,21.84,1093.39,110.5819,208.3264,30.5929,111.0043,151.53,1755.49,152.5,144.2688,28.2372,103.7539,43.6785,368.4586,90.5735
2018-11-08,21.2,1082.4,111.4747,207.5995,30.5339,110.7961,147.87,1754.91,148.99,144.7172,28.5637,104.3108,43.4703,368.9165,90.6429
2018-11-09,21.03,1066.15,110.3934,203.5967,30.1896,108.6347,144.96,1712.43,144.85,143.4218,28.2174,104.9871,43.8966,367.4937,91.6847
2018-11-12,19.03,1038.63,108.0723,193.3407,30.2782,105.9578,141.55,1636.85,142.82,139.2267,27.4556,103.3063,43.7281,355.2452,91.9724
2018-11-13,19.61,1036.05,108.7071,191.409,29.8355,106.0272,142.16,1631.17,146.98,139.2267,27.4655,102.3813,43.1432,347.7628,92.7364
2018-11-14,20.81,1043.66,106.4654,186.0022,30.0126,104.5236,144.22,1599.01,150.44,138.9975,26.9213,100.979,42.5385,342.9967,92.7562
2018-11-15,21.49,1064.71,109.1833,190.5925,29.6289,106.8237,143.85,1619.44,156.22,141.5929,27.604,98.9998,42.8359,339.8625,93.0935
2018-11-16,20.66,1061.49,109.1039,192.7034,29.7962,107.8294,139.53,1593.41,154.1,139.9358,27.4556,97.1598,43.1333,334.2706,93.0836
2018-11-19,19.11,1020.0,109.9372,185.0662,29.8552,104.1751,131.55,1512.29,149.53,134.5252,27.4556,96.2548,43.7975,319.3356,92.5578
2018-11-20,19.21,1025.76,107.5763,176.2241,28.9403,101.2774,132.43,1495.46,145.98,133.1377,27.0895,93.649,43.1531,316.1118,91.3771
2018-11-21,18.73,1037.61,106.7729,176.025,29.2846,102.6715,134.82,1516.73,149.41,134.1858,26.9807,93.6589,42.7268,315.7337,90.6925
2018-11-23,19.38,1023.88,105.7908,171.5541,28.8813,102.6316,131.73,1502.06,150.33,132.6385,26.6839,94.5839,42.7665,310.7587,90.8215
2018-11-26,20.08,1048.62,108.3798,173.8742,29.4617,106.0172,136.38,1581.33,156.01,135.7032,27.2676,94.6336,42.9648,314.7785,91.2184
2018-11-27,21.05,1044.41,108.8361,173.4958,29.9437,106.6843,135.0,1581.42,156.46,135.6732,27.4457,94.5242,43.6884,316.4402,91.9922
2018-11-28,21.34,1086.23,110.0463,180.1672,30.2388,110.6474,136.76,1677.75,159.34,141.1337,28.1284,96.9311,44.5113,331.8328,92.28
2018-11-29,21.43,1088.3,109.1734,178.7831,30.0716,109.7214,138.68,1673.57,156.28,138.8577,27.7425,96.762,45.116,340.8475,92.0915
2018-11-30,21.3,1094.43,110.2943,177.8173,30.7307,110.4184,140.61,1690.17,160.86,141.4631,28.0987,97.1201,45.8297,345.0265,93.7682
2018-12-03,23.71,1106.43,111.3358,184.0306,31.193,111.6133,141.09,1772.36,163.74,144.7474,28.2372,98.2141,45.5918,358.1606,92.5875
2018-12-04,21.12,1050.82,106.3662,175.9354,30.229,108.0585,137.93,1668.4,158.34,138.3985,26.7036,95.29,44.7492,340.7878,92.5776
2018-12-06,21.3,1068.73,104.3426,173.9738,30.0322,108.7256,139.63,1699.19,155.83,140.8043,26.1465,94.77,44.5906,330.2408,92.8157
2018-12-07,19.46,1036.58,102.4579,167.7704,29.6486,104.3742,137.42,1629.13,153.06,136.8712,25.3008,93.19,43.5397,321.6042,91.7244
2018-12-10,19.99,1039.55,100.5434,168.8756,29.4223,107.1324,141.85,1641.03,151.43,137.6398,24.6342,93.94,44.0156,324.7186,92.2998
2018-12-11,19.98,1051.75,99.5614,167.9098,29.2158,108.1282,142.08,1643.24,151.83,136.5717,24.4551,93.85,43.629,320.4202,93.1729
2018-12-12,20.48,1063.68,100.2062,168.3778,29.6683,108.6161,144.5,1663.54,151.5,137.56,24.3954,93.11,43.7777,325.0569,93.292
2018-12-13,19.86,1061.9,100.3054,170.2199,29.4223,108.9845,145.01,1658.38,151.48,137.3004,24.276,92.96,44.1841,323.843,95.7327
2018-12-14,19.9,1042.1,99.4821,164.7732,29.7273,105.5791,144.06,1591.91,149.0,134.8547,24.3556,91.85,43.4208,317.1566,95.8815
2018-12-17,18.83,1016.53,98.2124,163.2398,29.3732,102.4524,140.19,1520.91,143.98,131.1711,24.3457,90.77,42.7368,314.5497,92.0418
2018-12-18,19.5,1028.71,97.7462,165.3607,29.265,103.5278,143.66,1551.48,140.82,132.4289,24.3457,91.08,42.0329,326.42,91.764
2018-12-19,18.16,1023.01,96.5062,160.2028,29.3338,103.249,133.24,1495.08,137.14,131.0313,24.0572,90.55,41.6066,317.9526,91.0398
2018-12-20,17.94,1009.41,95.673,156.1602,28.1829,101.0783,133.4,1460.83,135.11,128.5357,23.9875,87.28,41.5868,311.4851,90.2659
2018-12-21,16.93,979.54,93.4114,150.0862,27.8484,97.8122,124.95,1377.45,132.0,124.0435,23.2513,87.13,41.567,303.0276,90.256
2018-12-24,16.65,976.22,91.3977,146.2029,26.9139,93.7297,124.06,1343.96,131.89,121.5179,22.6145,85.82,40.1989,292.6895,86.6743
2018-12-26,17.9,1039.46,95.1869,156.4987,27.6222,100.1323,134.18,1470.9,138.0,130.0031,23.9875,90.41,41.8247,312.3607,89.3829
2018-12-27,17.49,1043.88,96.2582,155.4831,27.691,100.7497,134.52,1461.64,138.45,131.78,24.2462,91.59,42.479,315.5546,91.2977
2018-12-28,17.82,1037.08,96.0499,155.5627,27.996,99.963,133.2,1478.02,139.09,130.7119,24.2661,92.13,42.5881,314.7984,90.4643
2018-12-31,18.46,1035.61,96.8336,157.0663,28.0747,101.138,131.09,1501.97,137.07,131.7102,24.5148,93.15,43.2721,320.8878,91.1985
2019-01-02,18.83,1045.85,98.51,157.2455,29.0584,100.6899,135.68,1539.13,136.7,132.6885,24.8332,93.34,42.8755,322.1913,90.5635
2019-01-03,17.05,1016.06,97.11,141.5827,29.0977,96.9858,131.74,1500.28,130.6,127.9068,24.4352,92.86,41.676,309.3458,89.9286
2019-01-04,19.0,1070.71,100.69,147.6268,29.8453,101.4965,137.95,1575.39,139.75,133.4172,25.4501,93.44,42.6277,325.4449,91.764
2019-01-07,20.57,1068.39,100.76,147.2982,30.3864,101.6259,138.05,1629.51,143.1,135.823,25.4302,94.54,42.8557,326.4698,91.397
2019-01-08,20.75,1076.28,100.57,150.1061,30.77,102.3628,142.53,1656.58,146.79,136.5617,25.3804,95.2,43.054,338.8277,91.7343
2019-01-09,20.19,1074.66,100.4,152.6552,30.1,103.8265,144.23,1659.42,151.92,138.1689,25.6291,94.89,42.9648,342.1112,90.2361
2019-01-10,19.74,1070.33,100.39,153.1431,30.4,103.1594,144.2,1656.22,151.69,138.4284,25.5993,94.96,41.9437,350.8473,90.4544
2019-01-11,20.27,1057.19,99.91,151.6396,30.87,102.3628,143.8,1640.56,151.32,137.8195,25.8978,94.84,42.5087,351.1359,91.0497
2019-01-14,20.23,1044.69,100.94,149.3594,30.62,101.616,145.39,1617.21,149.27,136.8612,26.236,94.95,42.0032,348.6085,90.4346
2019-01-15,20.38,1077.15,101.68,152.4162,30.6,104.5634,148.95,1674.56,150.88,137.1008,26.4151,96.25,42.36,350.4792,91.2878
2019-01-16,19.73,1080.97,102.5,154.2783,30.56,104.9318,147.54,1683.78,154.84,137.1008,28.3055,96.35,41.7454,350.3001,90.6528
2019-01-17,20.25,1089.9,102.92,155.1943,30.64,105.6687,148.3,1693.22,155.97,137.0409,28.8427,96.74,42.1023,357.2949,90.64
2019-01-18,20.77,1098.26,104.59,156.1502,30.96,107.2519,150.04,1696.2,157.02,138.2587,29.1512,97.73,42.1618,362.9067,91.42
2019-01-22,19.76,1070.52,102.94,152.6453,30.58,105.2305,147.57,1632.17,152.15,137.8095,28.9422,97.49,41.904,356.1109,90.44
2019-01-23,19.8,1075.57,102.68,153.2626,30.89,106.2562,144.3,1640.02,152.03,136.7713,28.7731,98.71,41.795,356.8173,94.84
2019-01-24,20.85,1073.9,102.74,152.0478,30.6,105.7483,145.83,1654.93,155.86,137.4601,28.9323,98.36,40.5955,356.479,94.3
2019-01-25,21.93,1090.99,103.39,157.0862,30.66,106.7142,149.01,1670.57,159.21,138.4284,29.4297,96.94,40.2881,362.3794,93.6
2019-01-28,20.18,1070.08,103.88,155.6324,30.67,104.6331,147.47,1637.89,158.92,135.7531,29.4795,97.06,39.1877,361.1555,93.52
2019-01-29,19.25,1060.62,104.17,154.0194,30.7,102.5022,144.19,1593.88,156.88,134.7648,29.2407,96.71,40.417,363.0858,93.54
2019-01-30,23.09,1089.06,104.41,164.5442,29.37,105.9276,150.42,1670.43,166.82,137.3603,28.9223,94.8,41.22,385.7818,94.52
2019-01-31,24.41,1116.37,103.5,165.7291,30.06,103.9859,166.69,1718.73,168.49,134.7748,28.3254,95.83,42.45,383.6923,96.47
2019-02-01,24.51,1110.75,103.88,165.8088,30.0,102.3429,165.71,1626.23,167.97,139.9059,28.2358,93.86,42.88,385.4932,97.47
